/usr/lib/python2.6/site-packages/requests/packages/urllib3/util/ssl_.py:100: InsecurePlatformWarning: A true SSLContext object is not available. This prevents urllib3 from configuring SSL appropriately and may cause certain SSL connections to fail. For more information, see https://urllib3.readthedocs.org/en/latest/security.html#insecureplatformwarning.
  InsecurePlatformWarning
/usr/lib/python2.6/site-packages/requests/packages/urllib3/util/ssl_.py:100: InsecurePlatformWarning: A true SSLContext object is not available. This prevents urllib3 from configuring SSL appropriately and may cause certain SSL connections to fail. For more information, see https://urllib3.readthedocs.org/en/latest/security.html#insecureplatformwarning.
  InsecurePlatformWarning
Thu Mar 17 03:07:39 +0000 2016;Pentatlo;|IMPERDÃVEL| A @Rio2016 lista 5 motivos p/ Ã± se perder o @Pentatlo nos Jogos OlÃ­mpicos... https://t.co/dVuEG411Wu;
Thu Mar 17 03:01:17 +0000 2016;Gabs_do_Chris;RT @FeCastanhari: Nssssss!!! Acabei de saber que fui selecionado pra carregar a #TochaOlimpica #Rio2016
VALEU!!!! @CocaCola_br 
Estou emociâ€¦;
Thu Mar 17 02:56:35 +0000 2016;Bia_S1lvah;RT @t3ddyyyyy: sabe a tocha olimpica? entÃ£o.....

VOU CARREGAR ELA NAS OLIMPÃADAS 2016 ğŸ’™âœ¨

obg @CocaCola_Br #TochaOlimpica #Rio2016 https:/â€¦;
Thu Mar 17 02:53:21 +0000 2016;theflawh;RT @t3ddyyyyy: sabe a tocha olimpica? entÃ£o.....

VOU CARREGAR ELA NAS OLIMPÃADAS 2016 ğŸ’™âœ¨

obg @CocaCola_Br #TochaOlimpica #Rio2016 https:/â€¦;
Thu Mar 17 02:51:19 +0000 2016;horanshyyt;RT @t3ddyyyyy: sabe a tocha olimpica? entÃ£o.....

VOU CARREGAR ELA NAS OLIMPÃADAS 2016 ğŸ’™âœ¨

obg @CocaCola_Br #TochaOlimpica #Rio2016 https:/â€¦;
Thu Mar 17 02:38:11 +0000 2016;SousaSsousa2003;RT @juliococielo: galera, eu fui selecionado pra carregar a #TochaOlimpica nas olimpÃ­adas #Rio2016 aqui em OZ! valeu @CocaCola_Br! ğŸ˜ğŸ™ŒğŸ’•ğŸ‘ğŸ”‘;
Thu Mar 17 02:35:09 +0000 2016;marcellyferraz_;RT @g1: Rio 2016: ainda hÃ¡ vagas para elenco das festas de abertura e encerramento https://t.co/rdT3u0oT0q #G1 https://t.co/mOxnezLGSH;
Thu Mar 17 02:32:53 +0000 2016;GRIMESAVER;RT @t3ddyyyyy: sabe a tocha olimpica? entÃ£o.....

VOU CARREGAR ELA NAS OLIMPÃADAS 2016 ğŸ’™âœ¨

obg @CocaCola_Br #TochaOlimpica #Rio2016 https:/â€¦;
Thu Mar 17 02:29:49 +0000 2016;estatisticaFAS;"@VilmaFGuerra: Agora Ã© oficial. Tudo encaminhando-se para eu conduzir a tocha olÃ­mplica. @OUrsoOficial @CocaCola_Br #Rio2016;
Thu Mar 17 02:27:57 +0000 2016;estatisticaFAS;RT @VilmaFGuerra: Agora Ã© oficial. Tudo encaminhando-se para eu conduzir a tocha olÃ­mplica. @OUrsoOficial @CocaCola_Br #Rio2016 https://t.câ€¦;
Thu Mar 17 02:25:06 +0000 2016;allforbuchmann;RT @MauroNakada: ğŸ‰ Aeeee! Fiquei sabendo que vou participar do revezamento da #TochaOlimpica #Rio2016 , Valeu @CocaCola_Br VEM PRA MIM TOCHâ€¦;
Thu Mar 17 02:23:47 +0000 2016;LaysHelena;RT @brunavieira: OMG! ğŸ˜± Acabei de saber que fui selecionado pra carregar a  #TochaOlimpica #Rio2016, valeu @CocaCola_br AHHHHHHH!!!;
Thu Mar 17 02:23:09 +0000 2016;Tiah_doTao;RT @brazilkorea: Kim Jae Bum Ã© um dos judocas + bem sucedidos na #Coreia e participarÃ¡ dos Jogos do #Rio2016: https://t.co/m12zbH14ef httpsâ€¦;
Thu Mar 17 02:22:50 +0000 2016;zeneretrendy;RT @brunavieira: OMG! ğŸ˜± Acabei de saber que fui selecionado pra carregar a  #TochaOlimpica #Rio2016, valeu @CocaCola_br AHHHHHHH!!!;
Thu Mar 17 02:19:47 +0000 2016;MEPEGAKAIO;RT @t3ddyyyyy: sabe a tocha olimpica? entÃ£o.....

VOU CARREGAR ELA NAS OLIMPÃADAS 2016 ğŸ’™âœ¨

obg @CocaCola_Br #TochaOlimpica #Rio2016 https:/â€¦;
Thu Mar 17 02:19:26 +0000 2016;allforbuchmann;RT @t3ddyyyyy: sabe a tocha olimpica? entÃ£o.....

VOU CARREGAR ELA NAS OLIMPÃADAS 2016 ğŸ’™âœ¨

obg @CocaCola_Br #TochaOlimpica #Rio2016 https:/â€¦;
Thu Mar 17 02:19:17 +0000 2016;VilmaFGuerra;A hora estÃ¡ chegando. Isso Ã© Ouro, isso Ã© FELICIDADE! @OUrsoOficial @CocaCola_Br #Rio2016 https://t.co/mcGHCVL5dJ;
Thu Mar 17 02:17:42 +0000 2016;VilmaFGuerra;Agora Ã© oficial. Tudo encaminhando-se para eu conduzir a tocha olÃ­mplica. @OUrsoOficial @CocaCola_Br #Rio2016 https://t.co/olhVeCe2jC;
Thu Mar 17 02:16:42 +0000 2016;CataPlaDi;RT @TomRio2016: AlguÃ©m pode me ajudar a dominar essa bola? ğŸ™ˆâš½ #Futebolde5 #JogosParalÃ­mpicos #Rio2016 @cpboficial @Paralympics https://t.coâ€¦;
Thu Mar 17 02:10:02 +0000 2016;83thiagao;RT @SurtoOlimpico: A @UCI_cycling anunciou as vagas do Ciclismo de Pista para o @Rio2016 https://t.co/bCCFnlI2gi https://t.co/tuvvuP9DRh;
Thu Mar 17 02:09:20 +0000 2016;perriestrings;RT @t3ddyyyyy: sabe a tocha olimpica? entÃ£o.....

VOU CARREGAR ELA NAS OLIMPÃADAS 2016 ğŸ’™âœ¨

obg @CocaCola_Br #TochaOlimpica #Rio2016 https:/â€¦;
Thu Mar 17 02:07:08 +0000 2016;SENPAIMENOTE;RT @juliococielo: galera, eu fui selecionado pra carregar a #TochaOlimpica nas olimpÃ­adas #Rio2016 aqui em OZ! valeu @CocaCola_Br! ğŸ˜ğŸ™ŒğŸ’•ğŸ‘ğŸ”‘;
Thu Mar 17 02:05:03 +0000 2016;Dudado_Bieber;RT @t3ddyyyyy: sabe a tocha olimpica? entÃ£o.....

VOU CARREGAR ELA NAS OLIMPÃADAS 2016 ğŸ’™âœ¨

obg @CocaCola_Br #TochaOlimpica #Rio2016 https:/â€¦;
Thu Mar 17 02:04:59 +0000 2016;VidblogVidigal;SOLUÃ‡ÃƒO PARA OS PROBLEMAS DO BRT TRANSOESTE: GÃS LACRIMOGÃŠNEO!! 
#VemPraRuaBrasil 
#Rio2016 
#BRT 

Insatisfeitos... https://t.co/28AxujPskL;
Thu Mar 17 02:04:17 +0000 2016;sales_amaral;RT @santos_agora: #Rio2016 Entre os 31/8 e 4/9, #Santos vai promover a 3Âª ediÃ§Ã£o do Congresso Internacional de CiÃªncia, EducaÃ§Ã£o e Medicinaâ€¦;
Thu Mar 17 02:02:24 +0000 2016;_Juandeejhay;RT @juliococielo: galera, eu fui selecionado pra carregar a #TochaOlimpica nas olimpÃ­adas #Rio2016 aqui em OZ! valeu @CocaCola_Br! ğŸ˜ğŸ™ŒğŸ’•ğŸ‘ğŸ”‘;
Thu Mar 17 02:02:17 +0000 2016;Regys_Silva;RT @SurtoOlimpico: A Vila OlÃ­mpica do @Rio2016 comeÃ§a a ser mobiliada https://t.co/HIKBlMMBvp https://t.co/1X9htrGteB;
Thu Mar 17 02:02:14 +0000 2016;Regys_Silva;RT @SurtoOlimpico: A @UCI_cycling anunciou as vagas do Ciclismo de Pista para o @Rio2016 https://t.co/bCCFnlI2gi https://t.co/tuvvuP9DRh;
Thu Mar 17 02:01:59 +0000 2016;Regys_Silva;RT @SurtoOlimpico: A @wada_ama vai liderar forÃ§a tarefa contra o doping antes do @Rio2016 https://t.co/U0PlHsEd14 https://t.co/wpn0Y0eBHE;
Thu Mar 17 02:01:55 +0000 2016;Regys_Silva;RT @SurtoOlimpico: Corredor britÃ¢nico muda de nacionalidade para o @Rio2016 https://t.co/ofeiJKrdqN https://t.co/VEuPg0Ftwb;
Thu Mar 17 02:01:52 +0000 2016;Regys_Silva;RT @SurtoOlimpico: Atletas do MÃ©xico de Esportes AquÃ¡ticos poderÃ£o competir sob a bandeira do pais no @Rio2016 https://t.co/UNdDacr3Nw httpâ€¦;
Thu Mar 17 02:01:46 +0000 2016;Regys_Silva;RT @SurtoOlimpico: Jogador do @Patriots, @Natebner34 quer disputar o Rugby Sevens no @Rio2016 https://t.co/j7a9viXGuI https://t.co/yC2L8YJaâ€¦;
Thu Mar 17 02:00:54 +0000 2016;lovedanixx;RT @juliococielo: galera, eu fui selecionado pra carregar a #TochaOlimpica nas olimpÃ­adas #Rio2016 aqui em OZ! valeu @CocaCola_Br! ğŸ˜ğŸ™ŒğŸ’•ğŸ‘ğŸ”‘;
Thu Mar 17 01:59:59 +0000 2016;carlino92;@Rio2016 @pathy @CocaCola_Br porque no site nÃ£o saiu nada?;
Thu Mar 17 01:59:42 +0000 2016;tulin_16;RT @juliococielo: galera, eu fui selecionado pra carregar a #TochaOlimpica nas olimpÃ­adas #Rio2016 aqui em OZ! valeu @CocaCola_Br! ğŸ˜ğŸ™ŒğŸ’•ğŸ‘ğŸ”‘;
Thu Mar 17 01:59:18 +0000 2016;SurtoOlimpico;A Vila OlÃ­mpica do @Rio2016 comeÃ§a a ser mobiliada https://t.co/HIKBlMMBvp https://t.co/1X9htrGteB;
Thu Mar 17 01:58:47 +0000 2016;cocieloosasco;RT @juliococielo: galera, eu fui selecionado pra carregar a #TochaOlimpica nas olimpÃ­adas #Rio2016 aqui em OZ! valeu @CocaCola_Br! ğŸ˜ğŸ™ŒğŸ’•ğŸ‘ğŸ”‘;
Thu Mar 17 01:58:38 +0000 2016;SurtoOlimpico;A @UCI_cycling anunciou as vagas do Ciclismo de Pista para o @Rio2016 https://t.co/bCCFnlI2gi https://t.co/tuvvuP9DRh;
Thu Mar 17 01:55:46 +0000 2016;elydrika;RT @TheBlurBarbosa: As meninas da SeleÃ§Ã£o de Polo AquÃ¡tico estÃ£o fazendo uma campanha para o @Rio2016 ğŸ‡§ğŸ‡·
https://t.co/BMZuTkkk8e https://t.â€¦;
Thu Mar 17 01:55:36 +0000 2016;SurtoOlimpico;A @wada_ama vai liderar forÃ§a tarefa contra o doping antes do @Rio2016 https://t.co/U0PlHsEd14 https://t.co/wpn0Y0eBHE;
Thu Mar 17 01:54:49 +0000 2016;SurtoOlimpico;Corredor britÃ¢nico muda de nacionalidade para o @Rio2016 https://t.co/ofeiJKrdqN https://t.co/VEuPg0Ftwb;
Thu Mar 17 01:54:11 +0000 2016;SurtoOlimpico;Atletas do MÃ©xico de Esportes AquÃ¡ticos poderÃ£o competir sob a bandeira do pais no @Rio2016 https://t.co/UNdDacr3Nw https://t.co/o2OmgmAd1a;
Thu Mar 17 01:53:02 +0000 2016;SurtoOlimpico;Jogador do @Patriots, @Natebner34 quer disputar o Rugby Sevens no @Rio2016 https://t.co/j7a9viXGuI https://t.co/yC2L8YJa36;
Thu Mar 17 01:51:04 +0000 2016;Fpjump;O ministro George Hilton do @minesporte Ã© um cagÃ£o! #Rio2016 #LulaMinistro;
Thu Mar 17 01:38:39 +0000 2016;lari669;RT @t3ddyyyyy: sabe a tocha olimpica? entÃ£o.....

VOU CARREGAR ELA NAS OLIMPÃADAS 2016 ğŸ’™âœ¨

obg @CocaCola_Br #TochaOlimpica #Rio2016 https:/â€¦;
Thu Mar 17 01:20:49 +0000 2016;MaluNascP;RT @t3ddyyyyy: sabe a tocha olimpica? entÃ£o.....

VOU CARREGAR ELA NAS OLIMPÃADAS 2016 ğŸ’™âœ¨

obg @CocaCola_Br #TochaOlimpica #Rio2016 https:/â€¦;
Thu Mar 17 01:20:06 +0000 2016;CassieStag;RT @FeCastanhari: Nssssss!!! Acabei de saber que fui selecionado pra carregar a #TochaOlimpica #Rio2016
VALEU!!!! @CocaCola_br 
Estou emociâ€¦;
Thu Mar 17 01:19:55 +0000 2016;MalloJulia;RT @SODMGLucas: Quadra da escola jÃ¡ estÃ¡ pique nataÃ§Ã£o, Brota #Rio2016 https://t.co/x03zjFi5MK;
Thu Mar 17 01:19:30 +0000 2016;welldohnal;Outro ridÃ­culo! NÃ£o vai ter #Rio2016  https://t.co/9qDXi1BtcW;
Thu Mar 17 01:17:36 +0000 2016;dharasouza360;RT @t3ddyyyyy: sabe a tocha olimpica? entÃ£o.....

VOU CARREGAR ELA NAS OLIMPÃADAS 2016 ğŸ’™âœ¨

obg @CocaCola_Br #TochaOlimpica #Rio2016 https:/â€¦;
Thu Mar 17 01:13:50 +0000 2016;rogermaia16;RT @juliococielo: galera, eu fui selecionado pra carregar a #TochaOlimpica nas olimpÃ­adas #Rio2016 aqui em OZ! valeu @CocaCola_Br! ğŸ˜ğŸ™ŒğŸ’•ğŸ‘ğŸ”‘;
Thu Mar 17 01:01:39 +0000 2016;engel_na;RT @juliococielo: galera, eu fui selecionado pra carregar a #TochaOlimpica nas olimpÃ­adas #Rio2016 aqui em OZ! valeu @CocaCola_Br! ğŸ˜ğŸ™ŒğŸ’•ğŸ‘ğŸ”‘;
Thu Mar 17 00:55:13 +0000 2016;AmandaSimao09;RT @juliococielo: galera, eu fui selecionado pra carregar a #TochaOlimpica nas olimpÃ­adas #Rio2016 aqui em OZ! valeu @CocaCola_Br! ğŸ˜ğŸ™ŒğŸ’•ğŸ‘ğŸ”‘;
Thu Mar 17 00:50:39 +0000 2016;WxyTry;RT @juliococielo: galera, eu fui selecionado pra carregar a #TochaOlimpica nas olimpÃ­adas #Rio2016 aqui em OZ! valeu @CocaCola_Br! ğŸ˜ğŸ™ŒğŸ’•ğŸ‘ğŸ”‘;
Thu Mar 17 00:49:58 +0000 2016;EXPERTSEG;Sungas, Maios e Biquinis FABIOLA MOLINA - JOGOS OLÃMPICOS RIO2016.

Ã€ venda nas lojas RIO2016 , dentro dos... https://t.co/fJP8XMXAaI;
Thu Mar 17 00:48:23 +0000 2016;_opssharry;RT @t3ddyyyyy: sabe a tocha olimpica? entÃ£o.....

VOU CARREGAR ELA NAS OLIMPÃADAS 2016 ğŸ’™âœ¨

obg @CocaCola_Br #TochaOlimpica #Rio2016 https:/â€¦;
Thu Mar 17 00:43:55 +0000 2016;PLUSJAUREGUII;RT @t3ddyyyyy: sabe a tocha olimpica? entÃ£o.....

VOU CARREGAR ELA NAS OLIMPÃADAS 2016 ğŸ’™âœ¨

obg @CocaCola_Br #TochaOlimpica #Rio2016 https:/â€¦;
Thu Mar 17 00:42:22 +0000 2016;justunderbr;RT @juliococielo: galera, eu fui selecionado pra carregar a #TochaOlimpica nas olimpÃ­adas #Rio2016 aqui em OZ! valeu @CocaCola_Br! ğŸ˜ğŸ™ŒğŸ’•ğŸ‘ğŸ”‘;
Thu Mar 17 00:41:57 +0000 2016;zoerariana;RT @t3ddyyyyy: sabe a tocha olimpica? entÃ£o.....

VOU CARREGAR ELA NAS OLIMPÃADAS 2016 ğŸ’™âœ¨

obg @CocaCola_Br #TochaOlimpica #Rio2016 https:/â€¦;
Thu Mar 17 00:40:03 +0000 2016;Maria_isabellee;RT @juliococielo: galera, eu fui selecionado pra carregar a #TochaOlimpica nas olimpÃ­adas #Rio2016 aqui em OZ! valeu @CocaCola_Br! ğŸ˜ğŸ™ŒğŸ’•ğŸ‘ğŸ”‘;
Thu Mar 17 00:38:52 +0000 2016;Isaflyer33;RT @juliococielo: galera, eu fui selecionado pra carregar a #TochaOlimpica nas olimpÃ­adas #Rio2016 aqui em OZ! valeu @CocaCola_Br! ğŸ˜ğŸ™ŒğŸ’•ğŸ‘ğŸ”‘;
Thu Mar 17 00:37:48 +0000 2016;beadlescuzao;RT @juliococielo: galera, eu fui selecionado pra carregar a #TochaOlimpica nas olimpÃ­adas #Rio2016 aqui em OZ! valeu @CocaCola_Br! ğŸ˜ğŸ™ŒğŸ’•ğŸ‘ğŸ”‘;
Thu Mar 17 00:36:50 +0000 2016;watchachina;Tocha OlÃ­mpica vai apresentar ao mundo alguns dos lugares mais bonitos do Brasil https://t.co/N8ZhIjEixD;
Thu Mar 17 00:36:13 +0000 2016;JRmilek;E as novas manobras da ginÃ¡stica polÃ­tica sÃ£o Duplo Twist SabÃ£o (da Silva) vs. Flip Flap Grampeado (Moro). Quem ganha medalha em Rio2016?;
Thu Mar 17 00:34:31 +0000 2016;ParkMayIludida;RT @t3ddyyyyy: sabe a tocha olimpica? entÃ£o.....

VOU CARREGAR ELA NAS OLIMPÃADAS 2016 ğŸ’™âœ¨

obg @CocaCola_Br #TochaOlimpica #Rio2016 https:/â€¦;
Thu Mar 17 00:34:08 +0000 2016;pessoawander71;Aehh ParabÃ©ns @Monicaspaixao Estamos juntos nessa jornada! @Rio2016 #ChamaGeral;
Thu Mar 17 00:33:59 +0000 2016;andrecussatt;RT @exercitooficial: ForÃ§as Armadas contarÃ£o com 38 mil militares nos Jogos #Rio2016 https://t.co/BaOMY1SaHa;
Thu Mar 17 00:33:48 +0000 2016;anacomhyformaan;RT @t3ddyyyyy: sabe a tocha olimpica? entÃ£o.....

VOU CARREGAR ELA NAS OLIMPÃADAS 2016 ğŸ’™âœ¨

obg @CocaCola_Br #TochaOlimpica #Rio2016 https:/â€¦;
Thu Mar 17 00:30:11 +0000 2016;Street_Elias;RT @juliococielo: galera, eu fui selecionado pra carregar a #TochaOlimpica nas olimpÃ­adas #Rio2016 aqui em OZ! valeu @CocaCola_Br! ğŸ˜ğŸ™ŒğŸ’•ğŸ‘ğŸ”‘;
Thu Mar 17 00:29:15 +0000 2016;pessoawander71;Divulgadas as primeiras listas de condutores da tocha OlÃ­mpica: confira quem vai fazer histÃ³ria nos Jogos Rio 2016 https://t.co/aL57mKpO4Y;
Thu Mar 17 00:21:14 +0000 2016;Augusto_Horizon;RT @FeCastanhari: Nssssss!!! Acabei de saber que fui selecionado pra carregar a #TochaOlimpica #Rio2016
VALEU!!!! @CocaCola_br 
Estou emociâ€¦;
Thu Mar 17 00:20:23 +0000 2016;favfig;RT @juliococielo: galera, eu fui selecionado pra carregar a #TochaOlimpica nas olimpÃ­adas #Rio2016 aqui em OZ! valeu @CocaCola_Br! ğŸ˜ğŸ™ŒğŸ’•ğŸ‘ğŸ”‘;
Thu Mar 17 00:19:50 +0000 2016;dzgllitter;RT @t3ddyyyyy: sabe a tocha olimpica? entÃ£o.....

VOU CARREGAR ELA NAS OLIMPÃADAS 2016 ğŸ’™âœ¨

obg @CocaCola_Br #TochaOlimpica #Rio2016 https:/â€¦;
Thu Mar 17 00:18:07 +0000 2016;anaclara_fraca;RT @t3ddyyyyy: sabe a tocha olimpica? entÃ£o.....

VOU CARREGAR ELA NAS OLIMPÃADAS 2016 ğŸ’™âœ¨

obg @CocaCola_Br #TochaOlimpica #Rio2016 https:/â€¦;
Thu Mar 17 00:18:02 +0000 2016;Galdino_15;RT @TomRio2016: Transformar o que era lixo em um brinquedo pode te render #IngressosRio2016! #DesafioAbraÃ§a https://t.co/YqgH1vPpUJ https:/â€¦;
Thu Mar 17 00:14:56 +0000 2016;eumarcelopedro;RT @juliozulu13: Acabo de ver na #TvSenado q foi aprovado benÃ©fico fiscal para as distribuidoras de energia nas olimpÃ­adas. Aponte o erro?
â€¦;
Thu Mar 17 00:14:13 +0000 2016;TOVARYSAMIA;Divulgadas as primeiras listas de condutores da tocha OlÃ­mpica: confira quem vai fazer histÃ³ria nos Jogos Rio 2016 https://t.co/MxRLPjLgvb;
Thu Mar 17 00:13:51 +0000 2016;piscinaoSG;RT @TomRio2016: Transformar o que era lixo em um brinquedo pode te render #IngressosRio2016! #DesafioAbraÃ§a https://t.co/YqgH1vPpUJ https:/â€¦;
Thu Mar 17 00:12:57 +0000 2016;josy_josykah;RT @t3ddyyyyy: sabe a tocha olimpica? entÃ£o.....

VOU CARREGAR ELA NAS OLIMPÃADAS 2016 ğŸ’™âœ¨

obg @CocaCola_Br #TochaOlimpica #Rio2016 https:/â€¦;
Thu Mar 17 00:06:41 +0000 2016;BiggerZaynDick_;RT @t3ddyyyyy: sabe a tocha olimpica? entÃ£o.....

VOU CARREGAR ELA NAS OLIMPÃADAS 2016 ğŸ’™âœ¨

obg @CocaCola_Br #TochaOlimpica #Rio2016 https:/â€¦;
Thu Mar 17 00:01:32 +0000 2016;coxinha_ka;RT @beccapires: GENTE!!! Fui selecionada pra carregar a #TochaOlimpica nas OlimpÃ­adas #Rio2016 ğŸ˜ Obrigada @CocaCola_Br vai ser IRADO â¤ï¸ğŸ‘ŠğŸ¼;
Wed Mar 16 23:58:20 +0000 2016;ThalyaDu;RT @juliococielo: galera, eu fui selecionado pra carregar a #TochaOlimpica nas olimpÃ­adas #Rio2016 aqui em OZ! valeu @CocaCola_Br! ğŸ˜ğŸ™ŒğŸ’•ğŸ‘ğŸ”‘;
Wed Mar 16 23:55:07 +0000 2016;gbragatwit;RT @Rio2016: #Rio2016 oferece chance de primeira experiÃªncia profissional para jovens: https://t.co/sfMGfrlNIk https://t.co/OWxFgr8dU2;
Wed Mar 16 23:53:48 +0000 2016;Geovane_Soares1;RT @t3ddyyyyy: sabe a tocha olimpica? entÃ£o.....

VOU CARREGAR ELA NAS OLIMPÃADAS 2016 ğŸ’™âœ¨

obg @CocaCola_Br #TochaOlimpica #Rio2016 https:/â€¦;
Wed Mar 16 23:50:15 +0000 2016;CehCastagnoli;RT @t3ddyyyyy: sabe a tocha olimpica? entÃ£o.....

VOU CARREGAR ELA NAS OLIMPÃADAS 2016 ğŸ’™âœ¨

obg @CocaCola_Br #TochaOlimpica #Rio2016 https:/â€¦;
Wed Mar 16 23:48:25 +0000 2016;mafiaconecriu;RT @MauroNakada: ğŸ‰ Aeeee! Fiquei sabendo que vou participar do revezamento da #TochaOlimpica #Rio2016 , Valeu @CocaCola_Br VEM PRA MIM TOCHâ€¦;
Wed Mar 16 23:48:21 +0000 2016;GiovannaSelle;RT @t3ddyyyyy: sabe a tocha olimpica? entÃ£o.....

VOU CARREGAR ELA NAS OLIMPÃADAS 2016 ğŸ’™âœ¨

obg @CocaCola_Br #TochaOlimpica #Rio2016 https:/â€¦;
Wed Mar 16 23:45:18 +0000 2016;oppsuzumaki;RT @kaiooliveiras: AEEEEEEEEEEE! galera, acabei de receber a notÃ­cia q eu tmb vou participar do revezamento da #TochaOlimpica #Rio2016! Valâ€¦;
Wed Mar 16 23:45:14 +0000 2016;oppsuzumaki;RT @MauroNakada: ğŸ‰ Aeeee! Fiquei sabendo que vou participar do revezamento da #TochaOlimpica #Rio2016 , Valeu @CocaCola_Br VEM PRA MIM TOCHâ€¦;
Wed Mar 16 23:44:47 +0000 2016;maribrunetta;RT /usr/lib/python2.6/site-packages/requests/packages/urllib3/util/ssl_.py:100: InsecurePlatformWarning: A true SSLContext object is not available. This prevents urllib3 from configuring SSL appropriately and may cause certain SSL connections to fail. For more information, see https://urllib3.readthedocs.org/en/latest/security.html#insecureplatformwarning.
  InsecurePlatformWarning
@t3ddyyyyy: sabe a tocha olimpica? entÃ£o.....

VOU CARREGAR ELA NAS OLIMPÃADAS 2016 ğŸ’™âœ¨

obg @CocaCola_Br #TochaOlimpica #Rio2016 https:/â€¦;
Wed Mar 16 23:44:47 +0000 2016;oppsuzumaki;RT @t3ddyyyyy: sabe a tocha olimpica? entÃ£o.....

VOU CARREGAR ELA NAS OLIMPÃADAS 2016 ğŸ’™âœ¨

obg @CocaCola_Br #TochaOlimpica #Rio2016 https:/â€¦;
Wed Mar 16 23:44:41 +0000 2016;oppsuzumaki;RT @FeCastanhari: Nssssss!!! Acabei de saber que fui selecionado pra carregar a #TochaOlimpica #Rio2016
VALEU!!!! @CocaCola_br 
Estou emociâ€¦;
Wed Mar 16 23:43:59 +0000 2016;oppsuzumaki;RT @juliococielo: galera, eu fui selecionado pra carregar a #TochaOlimpica nas olimpÃ­adas #Rio2016 aqui em OZ! valeu @CocaCola_Br! ğŸ˜ğŸ™ŒğŸ’•ğŸ‘ğŸ”‘;
Wed Mar 16 23:42:40 +0000 2016;OliSophia;RT @MauroNakada: ğŸ‰ Aeeee! Fiquei sabendo que vou participar do revezamento da #TochaOlimpica #Rio2016 , Valeu @CocaCola_Br VEM PRA MIM TOCHâ€¦;
Wed Mar 16 23:42:23 +0000 2016;nutellitamalik;RT @t3ddyyyyy: sabe a tocha olimpica? entÃ£o.....

VOU CARREGAR ELA NAS OLIMPÃADAS 2016 ğŸ’™âœ¨

obg @CocaCola_Br #TochaOlimpica #Rio2016 https:/â€¦;
Wed Mar 16 23:40:45 +0000 2016;alexsandraponce;RT @portalbrasil: ğŸ‡§ğŸ‡·ğŸ‘ Brasil estÃ¡ pronto para os Jogos #Rio2016, diz presidente da @EmbraturNews https://t.co/mowphRUmdZ;
Wed Mar 16 23:40:24 +0000 2016;vsk_samucks;RT @FeCastanhari: Nssssss!!! Acabei de saber que fui selecionado pra carregar a #TochaOlimpica #Rio2016
VALEU!!!! @CocaCola_br 
Estou emociâ€¦;
Wed Mar 16 23:39:17 +0000 2016;coimbramariap;RT @portalbrasil: ğŸ‡§ğŸ‡·ğŸ‘ Brasil estÃ¡ pronto para os Jogos #Rio2016, diz presidente da @EmbraturNews https://t.co/mowphRUmdZ;
Wed Mar 16 23:34:38 +0000 2016;tassoevan;Acabei de ser lembrado que tem as OlimpÃ­adas #Rio2016 ainda por cima. Se nÃ£o cancelarem por causa da Zika, serÃ¡ por causa da zica.;
Wed Mar 16 23:31:56 +0000 2016;OliSophia;RT @t3ddyyyyy: sabe a tocha olimpica? entÃ£o.....

VOU CARREGAR ELA NAS OLIMPÃADAS 2016 ğŸ’™âœ¨

obg @CocaCola_Br #TochaOlimpica #Rio2016 https:/â€¦;
Wed Mar 16 23:31:49 +0000 2016;leandro__souz;@Rio2016 @kaiooliveiras @CocaCola_Br amigo com e esse negÃ³cio de tocha onde participo dar tempo;
Wed Mar 16 23:31:27 +0000 2016;leandro__souz;@Rio2016 @BryanFritzC @CocaCola_Br amigo com e esse negÃ³cio de tocha onde participo dar tempo;
Wed Mar 16 23:31:20 +0000 2016;leandro__souz;@williamfda @Rio2016 @OUrsoOficial @CocaCola_Br amigo com e esse negÃ³cio de tocha onde participo dar tempo;
Wed Mar 16 23:31:15 +0000 2016;Pqp_Roh;RT @juliococielo: galera, eu fui selecionado pra carregar a #TochaOlimpica nas olimpÃ­adas #Rio2016 aqui em OZ! valeu @CocaCola_Br! ğŸ˜ğŸ™ŒğŸ’•ğŸ‘ğŸ”‘;
Wed Mar 16 23:28:44 +0000 2016;leandro__souz;@mpires70 @lullylucky @CocaCola_Br @Rio2016 ai amigo com e esse negÃ³cio de tocha onde participo dar tempo;
Wed Mar 16 23:23:48 +0000 2016;camsslty;RT @pathy: Uhhuulll!! Eu fui escolhida pra ser uma das condutoras da #TochaOlimpica!! Obrigada @CocaCola_Br o #Rio2016 que me aguarde!;
Wed Mar 16 23:23:37 +0000 2016;httwpink;RT @t3ddyyyyy: sabe a tocha olimpica? entÃ£o.....

VOU CARREGAR ELA NAS OLIMPÃADAS 2016 ğŸ’™âœ¨

obg @CocaCola_Br #TochaOlimpica #Rio2016 https:/â€¦;
Wed Mar 16 23:21:37 +0000 2016;GustavoM2014;RT @portalbrasil: ğŸš† Obras da linha 4 do metrÃ´ do Rio estÃ£o 90% concluÃ­das https://t.co/q2UupU8PTP #Rio2016;
Wed Mar 16 23:21:07 +0000 2016;YesbananasSport;Yes!Sports - PRB deixa base de Dilma, e ministro do Esporte estÃ¡ perto de mudar:  https://t.co/1P8AHASPQZ #sports #esportes;
Wed Mar 16 23:21:02 +0000 2016;FutebolEspiao;PRB deixa base de Dilma, e ministro do Esporte estÃ¡ perto de mudar https://t.co/6lwRMGtsrU;
Wed Mar 16 23:21:00 +0000 2016;PortalEsporte10;PRB deixa base de Dilma, e ministro do Esporte estÃ¡ perto de mudar https://t.co/HTwRKwc0F0;
Wed Mar 16 23:20:56 +0000 2016;BrunoJaquet03;PRB deixa base de Dilma, e ministro do Esporte estÃ¡ perto de mudar:  https://t.co/EBagiFUP4C;
Wed Mar 16 23:19:49 +0000 2016;ffabretti;AGORA Ã‰ OFICIAL! Serei um dos 12 mil condutores a carregar a #TochaOlÃ­mpica #Rio2016! Muitoâ€¦ https://t.co/lAss06GfME;
Wed Mar 16 23:19:12 +0000 2016;laarimorello;RT @t3ddyyyyy: sabe a tocha olimpica? entÃ£o.....

VOU CARREGAR ELA NAS OLIMPÃADAS 2016 ğŸ’™âœ¨

obg @CocaCola_Br #TochaOlimpica #Rio2016 https:/â€¦;
Wed Mar 16 23:18:17 +0000 2016;l3ddylove_;RT @MauroNakada: ğŸ‰ Aeeee! Fiquei sabendo que vou participar do revezamento da #TochaOlimpica #Rio2016 , Valeu @CocaCola_Br VEM PRA MIM TOCHâ€¦;
Wed Mar 16 23:18:11 +0000 2016;SORRYSHAWNM;RT @t3ddyyyyy: sabe a tocha olimpica? entÃ£o.....

VOU CARREGAR ELA NAS OLIMPÃADAS 2016 ğŸ’™âœ¨

obg @CocaCola_Br #TochaOlimpica #Rio2016 https:/â€¦;
Wed Mar 16 23:17:33 +0000 2016;Julialovatics2;RT @WhoIsCarlos: GENTEE MIM SEGURA MEU CORASSAUM EU TO AHIAKSJSJS VOU CARREGAR A #TochaOlÃ­mpica #Rio2016 valeu @CocaCola_Br https://t.co/Koâ€¦;
Wed Mar 16 23:17:27 +0000 2016;HangoutGio;RT @FeCastanhari: Nssssss!!! Acabei de saber que fui selecionado pra carregar a #TochaOlimpica #Rio2016
VALEU!!!! @CocaCola_br 
Estou emociâ€¦;
Wed Mar 16 23:14:21 +0000 2016;flavioguilberty;RT @MauroNakada: ğŸ‰ Aeeee! Fiquei sabendo que vou participar do revezamento da #TochaOlimpica #Rio2016 , Valeu @CocaCola_Br VEM PRA MIM TOCHâ€¦;
Wed Mar 16 23:11:52 +0000 2016;destinoolimpico;RT @cpboficial: Os #guerreiros paralÃ­mpicos estÃ£o preparados para a batalha. E vcs? Preparados para torcer? #TEMQUEIR @Rio2016
https://t.coâ€¦;
Wed Mar 16 23:11:34 +0000 2016;TonyRojas;RT @cpboficial: Os #guerreiros paralÃ­mpicos estÃ£o preparados para a batalha. E vcs? Preparados para torcer? #TEMQUEIR @Rio2016
https://t.coâ€¦;
Wed Mar 16 23:09:33 +0000 2016;luciowanderley;Em meio a mudanÃ§as, George Hilton deixa MinistÃ©rio do Esporte, diz TV via @UOLEsporte #Rio2016   https://t.co/37kEUf7UKV;
Wed Mar 16 23:03:35 +0000 2016;josi_peixinho;RT @juliococielo: galera, eu fui selecionado pra carregar a #TochaOlimpica nas olimpÃ­adas #Rio2016 aqui em OZ! valeu @CocaCola_Br! ğŸ˜ğŸ™ŒğŸ’•ğŸ‘ğŸ”‘;
Wed Mar 16 23:02:17 +0000 2016;honeymlarry;RT @pathy: Uhhuulll!! Eu fui escolhida pra ser uma das condutoras da #TochaOlimpica!! Obrigada @CocaCola_Br o #Rio2016 que me aguarde!;
Wed Mar 16 23:01:52 +0000 2016;Rosenir_2010;RT @juliococielo: galera, eu fui selecionado pra carregar a #TochaOlimpica nas olimpÃ­adas #Rio2016 aqui em OZ! valeu @CocaCola_Br! ğŸ˜ğŸ™ŒğŸ’•ğŸ‘ğŸ”‘;
Wed Mar 16 22:59:43 +0000 2016;Hank_Tornacioli;RT @t3ddyyyyy: sabe a tocha olimpica? entÃ£o.....

VOU CARREGAR ELA NAS OLIMPÃADAS 2016 ğŸ’™âœ¨

obg @CocaCola_Br #TochaOlimpica #Rio2016 https:/â€¦;
Wed Mar 16 22:59:28 +0000 2016;clexapqp;RT @t3ddyyyyy: sabe a tocha olimpica? entÃ£o.....

VOU CARREGAR ELA NAS OLIMPÃADAS 2016 ğŸ’™âœ¨

obg @CocaCola_Br #TochaOlimpica #Rio2016 https:/â€¦;
Wed Mar 16 22:59:27 +0000 2016;DanNegresco;Recebi o email de confirmaÃ§Ã£o ğŸ‰
Resultado final, sou um condutor oficial da tocha olÃ­mpica! @Rio2016 @OUrsoOficial @Monicaspaixao;
Wed Mar 16 22:58:04 +0000 2016;cryhoranx;RT @juliococielo: galera, eu fui selecionado pra carregar a #TochaOlimpica nas olimpÃ­adas #Rio2016 aqui em OZ! valeu @CocaCola_Br! ğŸ˜ğŸ™ŒğŸ’•ğŸ‘ğŸ”‘;
Wed Mar 16 22:57:05 +0000 2016;luanskid;RT @juliococielo: galera, eu fui selecionado pra carregar a #TochaOlimpica nas olimpÃ­adas #Rio2016 aqui em OZ! valeu @CocaCola_Br! ğŸ˜ğŸ™ŒğŸ’•ğŸ‘ğŸ”‘;
Wed Mar 16 22:55:38 +0000 2016;anazeferino76;RT @santos_agora: #Rio2016 Entre os 31/8 e 4/9, #Santos vai promover a 3Âª ediÃ§Ã£o do Congresso Internacional de CiÃªncia, EducaÃ§Ã£o e Medicinaâ€¦;
Wed Mar 16 22:53:12 +0000 2016;Juuh_Meds;RT @t3ddyyyyy: sabe a tocha olimpica? entÃ£o.....

VOU CARREGAR ELA NAS OLIMPÃADAS 2016 ğŸ’™âœ¨

obg @CocaCola_Br #TochaOlimpica #Rio2016 https:/â€¦;
Wed Mar 16 22:52:26 +0000 2016;Giiovannaa_1D;RT @t3ddyyyyy: sabe a tocha olimpica? entÃ£o.....

VOU CARREGAR ELA NAS OLIMPÃADAS 2016 ğŸ’™âœ¨

obg @CocaCola_Br #TochaOlimpica #Rio2016 https:/â€¦;
Wed Mar 16 22:52:07 +0000 2016;ooe_tee;RT @t3ddyyyyy: sabe a tocha olimpica? entÃ£o.....

VOU CARREGAR ELA NAS OLIMPÃADAS 2016 ğŸ’™âœ¨

obg @CocaCola_Br #TochaOlimpica #Rio2016 https:/â€¦;
Wed Mar 16 22:51:09 +0000 2016;williamfda;@Rio2016 @OUrsoOficial @CocaCola_Br Fui selecionado para conduzir a Tocha OlÃ­mpica! #IssoEOuro #TochaOlimpica #Rio2016;
Wed Mar 16 22:50:06 +0000 2016;kamilavieira12;RT @juliococielo: galera, eu fui selecionado pra carregar a #TochaOlimpica nas olimpÃ­adas #Rio2016 aqui em OZ! valeu @CocaCola_Br! ğŸ˜ğŸ™ŒğŸ’•ğŸ‘ğŸ”‘;
Wed Mar 16 22:50:01 +0000 2016;GyoJadh;RT @t3ddyyyyy: sabe a tocha olimpica? entÃ£o.....

VOU CARREGAR ELA NAS OLIMPÃADAS 2016 ğŸ’™âœ¨

obg @CocaCola_Br #TochaOlimpica #Rio2016 https:/â€¦;
Wed Mar 16 22:47:42 +0000 2016;andrezous;RT @t3ddyyyyy: sabe a tocha olimpica? entÃ£o.....

VOU CARREGAR ELA NAS OLIMPÃADAS 2016 ğŸ’™âœ¨

obg @CocaCola_Br #TochaOlimpica #Rio2016 https:/â€¦;
Wed Mar 16 22:46:28 +0000 2016;juhprestes_;RT @t3ddyyyyy: sabe a tocha olimpica? entÃ£o.....

VOU CARREGAR ELA NAS OLIMPÃADAS 2016 ğŸ’™âœ¨

obg @CocaCola_Br #TochaOlimpica #Rio2016 https:/â€¦;
Wed Mar 16 22:42:45 +0000 2016;potats_Muke;RT @FeCastanhari: Nssssss!!! Acabei de saber que fui selecionado pra carregar a #TochaOlimpica #Rio2016
VALEU!!!! @CocaCola_br 
Estou emociâ€¦;
Wed Mar 16 22:41:17 +0000 2016;camillynobre11;RT @t3ddyyyyy: sabe a tocha olimpica? entÃ£o.....

VOU CARREGAR ELA NAS OLIMPÃADAS 2016 ğŸ’™âœ¨

obg @CocaCola_Br #TochaOlimpica #Rio2016 https:/â€¦;
Wed Mar 16 22:40:50 +0000 2016;PedroSilveira7;Aquecimento OlÃ­mpico: Tiro Esportivo || https://t.co/hPTnHgWVZC || Por @leo_fernandes_9 #Rio2016 #OlimpÃ­adas;
Wed Mar 16 22:40:50 +0000 2016;AtletiCorneta;Aquecimento OlÃ­mpico: Tiro Esportivo || https://t.co/JSPwnWheTY || Por @leo_fernandes_9 #Rio2016 #OlimpÃ­adas;
Wed Mar 16 22:40:50 +0000 2016;ismahsantos;Aquecimento OlÃ­mpico: Tiro Esportivo || https://t.co/eWp1gq5nLZ || Por @leo_fernandes_9 #Rio2016 #OlimpÃ­adas;
Wed Mar 16 22:40:50 +0000 2016;Fred_Metro2002;Aquecimento OlÃ­mpico: Tiro Esportivo || https://t.co/WN5XXq5OtB || Por @leo_fernandes_9 #Rio2016 #OlimpÃ­adas;
Wed Mar 16 22:40:50 +0000 2016;VitorBatata3;Aquecimento OlÃ­mpico: Tiro Esportivo || https://t.co/P496ozrZ29 || Por @leo_fernandes_9 #Rio2016 #OlimpÃ­adas;
Wed Mar 16 22:40:50 +0000 2016;MatheusGarzon;Aquecimento OlÃ­mpico: Tiro Esportivo || https://t.co/fzgzTedKFm || Por @leo_fernandes_9 #Rio2016 #OlimpÃ­adas;
Wed Mar 16 22:40:50 +0000 2016;imastargirl;Aquecimento OlÃ­mpico: Tiro Esportivo || https://t.co/wFrV70pNU9 || Por @leo_fernandes_9 #Rio2016 #OlimpÃ­adas;
Wed Mar 16 22:40:50 +0000 2016;_SiilvaSCFC;Aquecimento OlÃ­mpico: Tiro Esportivo || https://t.co/3BP9XVNn6i || Por @leo_fernandes_9 #Rio2016 #OlimpÃ­adas;
Wed Mar 16 22:40:50 +0000 2016;acfmarcelo;Aquecimento OlÃ­mpico: Tiro Esportivo || https://t.co/LSHGr8fiSA || Por @leo_fernandes_9 #Rio2016 #OlimpÃ­adas;
Wed Mar 16 22:40:50 +0000 2016;LuigiLouco999;Aquecimento OlÃ­mpico: Tiro Esportivo || https://t.co/TPyNgAMB6D || Por @leo_fernandes_9 #Rio2016 #OlimpÃ­adas;
Wed Mar 16 22:40:50 +0000 2016;lsouza73;Aquecimento OlÃ­mpico: Tiro Esportivo || https://t.co/LaGHjmVVvm || Por @leo_fernandes_9 #Rio2016 #OlimpÃ­adas;
Wed Mar 16 22:40:50 +0000 2016;stebozza;Aquecimento OlÃ­mpico: Tiro Esportivo || https://t.co/gfNHIUXVtS || Por @leo_fernandes_9 #Rio2016 #OlimpÃ­adas;
Wed Mar 16 22:40:50 +0000 2016;BorjaFrancisco_;Aquecimento OlÃ­mpico: Tiro Esportivo || https://t.co/VeptX7XrYM || Por @leo_fernandes_9 #Rio2016 #OlimpÃ­adas;
Wed Mar 16 22:40:50 +0000 2016;Edumaya7;Aquecimento OlÃ­mpico: Tiro Esportivo || https://t.co/SdLVLezhZr || Por @leo_fernandes_9 #Rio2016 #OlimpÃ­adas;
Wed Mar 16 22:40:50 +0000 2016;_MFreitas9_;Aquecimento OlÃ­mpico: Tiro Esportivo || https://t.co/TqnFR8Jj84 || Por @leo_fernandes_9 #Rio2016 #OlimpÃ­adas;
Wed Mar 16 22:40:50 +0000 2016;roberto_kza;Aquecimento OlÃ­mpico: Tiro Esportivo || https://t.co/ms4b3ACFqw || Por @leo_fernandes_9 #Rio2016 #OlimpÃ­adas;
Wed Mar 16 22:40:50 +0000 2016;leo_fernandes_9;Aquecimento OlÃ­mpico: Tiro Esportivo || https://t.co/WTNU85Lv2V || Por @leo_fernandes_9 #Rio2016 #OlimpÃ­adas;
Wed Mar 16 22:40:50 +0000 2016;RodriPortuga;Aquecimento OlÃ­mpico: Tiro Esportivo || https://t.co/Gn76f6sIHH || Por @leo_fernandes_9 #Rio2016 #OlimpÃ­adas;
Wed Mar 16 22:40:50 +0000 2016;_guigoluis;Aquecimento OlÃ­mpico: Tiro Esportivo || https://t.co/nhC5yq05Jc || Por @leo_fernandes_9 #Rio2016 #OlimpÃ­adas;
Wed Mar 16 22:40:50 +0000 2016;biapessoaguiar;Aquecimento OlÃ­mpico: Tiro Esportivo || https://t.co/Dn1G89XGNM || Por @leo_fernandes_9 #Rio2016 #OlimpÃ­adas;
Wed Mar 16 22:40:50 +0000 2016;ismacedo_;Aquecimento OlÃ­mpico: Tiro Esportivo || https://t.co/tbsIDWiZo7 || Por @leo_fernandes_9 #Rio2016 #OlimpÃ­adas;
Wed Mar 16 22:37:00 +0000 2016;damiaoo65228488;RT @portalbrasil: ğŸ‡§ğŸ‡·ğŸ‘ Brasil estÃ¡ pronto para os Jogos #Rio2016, diz presidente da @EmbraturNews https://t.co/mowphRUmdZ;
Wed Mar 16 22:36:44 +0000 2016;tommicro;RT @SuperVia_trens: Quem passar pela Central amanhÃ£ poderÃ¡ se informar sobre as inscriÃ§Ãµes para trabalhar nos Jogos OlÃ­mpicos Rio2016: httpâ€¦;
Wed Mar 16 22:36:23 +0000 2016;paulocolnaghi;RT @luizatrajano: E o Projeto Jovem Aprendiz Desporto estÃ¡ com 450 vagas abertas pra quem quer atuar nos Jogos! #Rio2016 #oportunidade httpâ€¦;
Wed Mar 16 22:31:11 +0000 2016;worldlira;RT @t3ddyyyyy: sabe a tocha olimpica? entÃ£o.....

VOU CARREGAR ELA NAS OLIMPÃADAS 2016 ğŸ’™âœ¨

obg @CocaCola_Br #TochaOlimpica #Rio2016 https:/â€¦;
Wed Mar 16 22:30:59 +0000 2016;Gabuxita_;RT @t3ddyyyyy: sabe a tocha olimpica? entÃ£o.....

VOU CARREGAR ELA NAS OLIMPÃADAS 2016 ğŸ’™âœ¨

obg @CocaCola_Br #TochaOlimpica #Rio2016 https:/â€¦;
Wed Mar 16 22:30:59 +0000 2016;tyjasmin;RT @portalbrasil: ğŸ‡§ğŸ‡·ğŸ‘ Brasil estÃ¡ pronto para os Jogos #Rio2016, diz presidente da @EmbraturNews https://t.co/mowphRUmdZ;
Wed Mar 16 22:30:41 +0000 2016;oConsciente;portalbrasil: ğŸ‡§ğŸ‡·ğŸ‘ Brasil estÃ¡ pronto para os Jogos #Rio2016, diz presidente da EmbraturNews https://t.co/udHTknBdhQ;
Wed Mar 16 22:30:16 +0000 2016;portalbrasil;ğŸ‡§ğŸ‡·ğŸ‘ Brasil estÃ¡ pronto para os Jogos #Rio2016, diz presidente da @EmbraturNews https://t.co/mowphRUmdZ;
Wed Mar 16 22:29:30 +0000 2016;luizatrajano;E o Projeto Jovem Aprendiz Desporto estÃ¡ com 450 vagas abertas pra quem quer atuar nos Jogos! #Rio2016 #oportunidade https://t.co/xfLUSKHMwB;
Wed Mar 16 22:28:18 +0000 2016;wkndallas;RT @juliococielo: galera, eu fui selecionado pra carregar a #TochaOlimpica nas olimpÃ­adas #Rio2016 aqui em OZ! valeu @CocaCola_Br! ğŸ˜ğŸ™ŒğŸ’•ğŸ‘ğŸ”‘;
Wed Mar 16 22:25:52 +0000 2016;karinesouza04;RT @kaiooliveiras: AEEEEEEEEEEE! galera, acabei de receber a notÃ­cia q eu tmb vou participar do revezamento da #TochaOlimpica #Rio2016! Valâ€¦;
Wed Mar 16 22:22:07 +0000 2016;Aninha_Hobbit;RT @t3ddyyyyy: sabe a tocha olimpica? entÃ£o.....

VOU CARREGAR ELA NAS OLIMPÃADAS 2016 ğŸ’™âœ¨

obg @CocaCola_Br #TochaOlimpica #Rio2016 https:/â€¦;
Wed Mar 16 22:17:19 +0000 2016;JrWandeir;@Englishtown_BR @JrWandeir MAS O APP NÃƒO DA DIREITO AO #RIO2016;
Wed Mar 16 22:17:19 +0000 2016;_AmandaLrds;RT @juliococielo: galera, eu fui selecionado pra carregar a #TochaOlimpica nas olimpÃ­adas #Rio2016 aqui em OZ! valeu @CocaCola_Br! ğŸ˜ğŸ™ŒğŸ’•ğŸ‘ğŸ”‘;
Wed Mar 16 22:17:09 +0000 2016;cyrusarrandoo;RT @t3ddyyyyy: sabe a tocha olimpica? entÃ£o.....

VOU CARREGAR ELA NAS OLIMPÃADAS 2016 ğŸ’™âœ¨

obg @CocaCola_Br #TochaOlimpica #Rio2016 https:/â€¦;
Wed Mar 16 22:15:46 +0000 2016;matheusbr72;RT @t3ddyyyyy: sabe a tocha olimpica? entÃ£o.....

VOU CARREGAR ELA NAS OLIMPÃADAS 2016 ğŸ’™âœ¨

obg @CocaCola_Br #TochaOlimpica #Rio2016 https:/â€¦;
Wed Mar 16 22:13:45 +0000 2016;joicejgb;RT @eduardodl2: Eu sou ouro! Valeu @CocaCola_Br! @OUrsoOficial @LucianoHuck @Rio2016  #IssoÃ‰Ouro #IssoMereceUmBrinde #TochaOlÃ­mpica https:/â€¦;
Wed Mar 16 22:13:32 +0000 2016;cristiina76;RT @WhoIsCarlos: GENTEE MIM SEGURA MEU CORASSAUM EU TO AHIAKSJSJS VOU CARREGAR A #TochaOlÃ­mpica #Rio2016 valeu @CocaCola_Br https://t.co/Koâ€¦;
Wed Mar 16 22:09:25 +0000 2016;Step_hanyy;RT @juliococielo: galera, eu fui selecionado pra carregar a #TochaOlimpica nas olimpÃ­adas #Rio2016 aqui em OZ! valeu @CocaCola_Br! ğŸ˜ğŸ™ŒğŸ’•ğŸ‘ğŸ”‘;
Wed Mar 16 22:09:03 +0000 2016;allonsyoongi;RT @MauroNakada: ğŸ‰ Aeeee! Fiquei sabendo que vou participar do revezamento da #TochaOlimpica #Rio2016 , Valeu @CocaCola_Br VEM PRA MIM TOCHâ€¦;
Wed Mar 16 22:08:49 +0000 2016;boratog/usr/lib/python2.6/site-packages/requests/packages/urllib3/util/ssl_.py:100: InsecurePlatformWarning: A true SSLContext object is not available. This prevents urllib3 from configuring SSL appropriately and may cause certain SSL connections to fail. For more information, see https://urllib3.readthedocs.org/en/latest/security.html#insecureplatformwarning.
  InsecurePlatformWarning
abi_;RT @juliococielo: galera, eu fui selecionado pra carregar a #TochaOlimpica nas olimpÃ­adas #Rio2016 aqui em OZ! valeu @CocaCola_Br! ğŸ˜ğŸ™ŒğŸ’•ğŸ‘ğŸ”‘;
Wed Mar 16 22:06:42 +0000 2016;hfcarvalhal;@TransitoRioRJ @NewsMobilidade esse sÃ£o os trens q vÃ£o transportar as pessoas nas olimpÃ­adas @eduardopaes_  VERGONHA #Rio2016 @LeiSecaRJ;
Wed Mar 16 22:06:35 +0000 2016;santos_agora;#Rio2016 Entre os 31/8 e 4/9, #Santos vai promover a 3Âª ediÃ§Ã£o do Congresso Internacional de CiÃªncia, EducaÃ§Ã£o e Medicina Esportiva;
Wed Mar 16 22:03:57 +0000 2016;JujuBijuLove;RT @t3ddyyyyy: sabe a tocha olimpica? entÃ£o.....

VOU CARREGAR ELA NAS OLIMPÃADAS 2016 ğŸ’™âœ¨

obg @CocaCola_Br #TochaOlimpica #Rio2016 https:/â€¦;
Wed Mar 16 21:59:48 +0000 2016;JanaainaR;RT @juliococielo: galera, eu fui selecionado pra carregar a #TochaOlimpica nas olimpÃ­adas #Rio2016 aqui em OZ! valeu @CocaCola_Br! ğŸ˜ğŸ™ŒğŸ’•ğŸ‘ğŸ”‘;
Wed Mar 16 21:59:19 +0000 2016;AndrewsRibeiro;RT @TomRio2016: Transformar o que era lixo em um brinquedo pode te render #IngressosRio2016! #DesafioAbraÃ§a https://t.co/YqgH1vPpUJ https:/â€¦;
Wed Mar 16 21:52:27 +0000 2016;ArajoDarcy;RT @TomRio2016: Transformar o que era lixo em um brinquedo pode te render #IngressosRio2016! #DesafioAbraÃ§a https://t.co/YqgH1vPpUJ https:/â€¦;
Wed Mar 16 21:52:21 +0000 2016;Rio2016;RT @TomRio2016: Transformar o que era lixo em um brinquedo pode te render #IngressosRio2016! #DesafioAbraÃ§a https://t.co/YqgH1vPpUJ https:/â€¦;
Wed Mar 16 21:37:31 +0000 2016;daniloc38792407;RT @FeCastanhari: Nssssss!!! Acabei de saber que fui selecionado pra carregar a #TochaOlimpica #Rio2016
VALEU!!!! @CocaCola_br 
Estou emociâ€¦;
Wed Mar 16 21:36:17 +0000 2016;SurtoOlimpico;A russa corre risco de ser suspensa pela segunda vez, o que a tiraria do @Rio2016 e pegaria uma suspensÃ£o maior.;
Wed Mar 16 21:33:49 +0000 2016;franzoocaas2;RT @FeCastanhari: Nssssss!!! Acabei de saber que fui selecionado pra carregar a #TochaOlimpica #Rio2016
VALEU!!!! @CocaCola_br 
Estou emociâ€¦;
Wed Mar 16 21:33:10 +0000 2016;corotegang;RT @FeCastanhari: Nssssss!!! Acabei de saber que fui selecionado pra carregar a #TochaOlimpica #Rio2016
VALEU!!!! @CocaCola_br 
Estou emociâ€¦;
Wed Mar 16 21:32:50 +0000 2016;marciav2015;RT @DefesaGovBr: ğŸ‡§ğŸ‡· Casa do Time Brasil nos Jogos jÃ¡ estÃ¡ sendo usada na preparaÃ§Ã£o das equipes nacionais: https://t.co/Are1x7QhCu via @Braâ€¦;
Wed Mar 16 21:30:32 +0000 2016;L34uuu;RT @FeCastanhari: Nssssss!!! Acabei de saber que fui selecionado pra carregar a #TochaOlimpica #Rio2016
VALEU!!!! @CocaCola_br 
Estou emociâ€¦;
Wed Mar 16 21:28:58 +0000 2016;daniloc38792407;RT @t3ddyyyyy: sabe a tocha olimpica? entÃ£o.....

VOU CARREGAR ELA NAS OLIMPÃADAS 2016 ğŸ’™âœ¨

obg @CocaCola_Br #TochaOlimpica #Rio2016 https:/â€¦;
Wed Mar 16 21:16:48 +0000 2016;sakuranaru1;RT @brazilkorea: Kim Jae Bum Ã© um dos judocas + bem sucedidos na #Coreia e participarÃ¡ dos Jogos do #Rio2016: https://t.co/m12zbH14ef httpsâ€¦;
Wed Mar 16 21:15:24 +0000 2016;Bruh_Leh25;RT @t3ddyyyyy: sabe a tocha olimpica? entÃ£o.....

VOU CARREGAR ELA NAS OLIMPÃADAS 2016 ğŸ’™âœ¨

obg @CocaCola_Br #TochaOlimpica #Rio2016 https:/â€¦;
Wed Mar 16 21:13:53 +0000 2016;kittenarianag;RT @t3ddyyyyy: sabe a tocha olimpica? entÃ£o.....

VOU CARREGAR ELA NAS OLIMPÃADAS 2016 ğŸ’™âœ¨

obg @CocaCola_Br #TochaOlimpica #Rio2016 https:/â€¦;
Wed Mar 16 21:12:55 +0000 2016;Kidrauhlamoo;RT @juliococielo: galera, eu fui selecionado pra carregar a #TochaOlimpica nas olimpÃ­adas #Rio2016 aqui em OZ! valeu @CocaCola_Br! ğŸ˜ğŸ™ŒğŸ’•ğŸ‘ğŸ”‘;
Wed Mar 16 21:11:08 +0000 2016;Jo_Failde;NÃ£o Ã© atoa q os grandes eventos nunca sÃ£o em marÃ§o,  ia morrer geral afogado no RJ! ğŸŠğŸŒ‚â˜”ğŸŒŠ
#Rio2016 #olympics2016 #SOSrio;
Wed Mar 16 21:11:04 +0000 2016;sap500;MAIS UMA MODALIDADE OLÃMPICA NADO NA RUA FIGUEIREDO MAGALHÃƒES...RIO2016...!!! https://t.co/xqFa6xnySX;
Wed Mar 16 21:08:47 +0000 2016;moniquesabrina6;RT @WhoIsCarlos: GENTEE MIM SEGURA MEU CORASSAUM EU TO AHIAKSJSJS VOU CARREGAR A #TochaOlÃ­mpica #Rio2016 valeu @CocaCola_Br https://t.co/Koâ€¦;
Wed Mar 16 21:06:17 +0000 2016;gui_sll;RT @juliococielo: galera, eu fui selecionado pra carregar a #TochaOlimpica nas olimpÃ­adas #Rio2016 aqui em OZ! valeu @CocaCola_Br! ğŸ˜ğŸ™ŒğŸ’•ğŸ‘ğŸ”‘;
Wed Mar 16 21:04:42 +0000 2016;ribeiroivanir;RT @Brasil2016: Presidente da @EmbraturNews diz que Brasil estÃ¡ pronto para os Jogos #Rio2016: https://t.co/CNQiXy0ZES https://t.co/k2pYUIQâ€¦;
Wed Mar 16 21:03:45 +0000 2016;ribeiroivanir;RT @DefesaGovBr: ğŸ‡§ğŸ‡· InstalaÃ§Ãµes militares reformadas para os Jogos recebem atletas e vistoria de ministros:  https://t.co/UqyRCeFDAN via @Bâ€¦;
Wed Mar 16 21:03:24 +0000 2016;GKellyGBernardo;Casos de dengue dobram no Estado do Rio https://t.co/0kYgUQZEfk #RIO2016;
Wed Mar 16 21:02:54 +0000 2016;Kamilly_Milard;RT @t3ddyyyyy: sabe a tocha olimpica? entÃ£o.....

VOU CARREGAR ELA NAS OLIMPÃADAS 2016 ğŸ’™âœ¨

obg @CocaCola_Br #TochaOlimpica #Rio2016 https:/â€¦;
Wed Mar 16 20:56:52 +0000 2016;flaviodilascio;Com R$ 63,4 mi por 10% restantes, Centro de TÃªnis retoma trabalhos https://t.co/7G3AozAv3z #Rio2016 #Olympics https://t.co/qxhsiZUAre;
Wed Mar 16 20:55:50 +0000 2016;camillynobre11;RT @juliococielo: galera, eu fui selecionado pra carregar a #TochaOlimpica nas olimpÃ­adas #Rio2016 aqui em OZ! valeu @CocaCola_Br! ğŸ˜ğŸ™ŒğŸ’•ğŸ‘ğŸ”‘;
Wed Mar 16 20:55:25 +0000 2016;UniversoVieira_;RT @brunavieira: OMG! ğŸ˜± Acabei de saber que fui selecionado pra carregar a  #TochaOlimpica #Rio2016, valeu @CocaCola_br AHHHHHHH!!!;
Wed Mar 16 20:55:07 +0000 2016;stergpi;#SUPERAÃ‡ÃƒO "Tiraram meus olhos, mas nÃ£o meu espÃ­rito", diz atleta cego por terrorismo https://t.co/daAfyQnD2E via @UOLEsporte #Rio2016;
Wed Mar 16 20:54:50 +0000 2016;noticiascbj;RT @Martatx01: Quase 'gÃªmeas' Maria Suelen e @rochelenunes09 travam duelo de peso por #Rio2016 e quem ganha Ã© @noticiascbj https://t.co/fDxâ€¦;
Wed Mar 16 20:54:33 +0000 2016;cfredbastos;RT @Brasil2016: Troca de equipe, perda do pai, cansaÃ§o: a trilha de Gideoni Monteiro atÃ© o #Rio2016 https://t.co/WXolPFFhfl https://t.co/0bâ€¦;
Wed Mar 16 20:52:15 +0000 2016;camilambuzada;RT @t3ddyyyyy: sabe a tocha olimpica? entÃ£o.....

VOU CARREGAR ELA NAS OLIMPÃADAS 2016 ğŸ’™âœ¨

obg @CocaCola_Br #TochaOlimpica #Rio2016 https:/â€¦;
Wed Mar 16 20:50:46 +0000 2016;Bahianinho;RT @Brasil2016: Presidente da @EmbraturNews diz que Brasil estÃ¡ pronto para os Jogos #Rio2016: https://t.co/CNQiXy0ZES https://t.co/k2pYUIQâ€¦;
Wed Mar 16 20:49:21 +0000 2016;caroldelmazo;RT @Brasil2016: Troca de equipe, perda do pai, cansaÃ§o: a trilha de Gideoni Monteiro atÃ© o #Rio2016 https://t.co/WXolPFFhfl https://t.co/0bâ€¦;
Wed Mar 16 20:48:10 +0000 2016;reinodococielo;RT @juliococielo: galera, eu fui selecionado pra carregar a #TochaOlimpica nas olimpÃ­adas #Rio2016 aqui em OZ! valeu @CocaCola_Br! ğŸ˜ğŸ™ŒğŸ’•ğŸ‘ğŸ”‘;
Wed Mar 16 20:47:28 +0000 2016;andreluizfig;Cidade olÃ­mpica!  #rio2016 https://t.co/wnARkPumyw;
Wed Mar 16 20:46:24 +0000 2016;Bruno_Elvas;RT @FeCastanhari: Nssssss!!! Acabei de saber que fui selecionado pra carregar a #TochaOlimpica #Rio2016
VALEU!!!! @CocaCola_br 
Estou emociâ€¦;
Wed Mar 16 20:44:42 +0000 2016;RicardoLeyser;RT @Brasil2016: Presidente da @EmbraturNews diz que Brasil estÃ¡ pronto para os Jogos #Rio2016: https://t.co/CNQiXy0ZES https://t.co/k2pYUIQâ€¦;
Wed Mar 16 20:44:40 +0000 2016;RicardoLeyser;RT @Brasil2016: Troca de equipe, perda do pai, cansaÃ§o: a trilha de Gideoni Monteiro atÃ© o #Rio2016 https://t.co/WXolPFFhfl https://t.co/0bâ€¦;
Wed Mar 16 20:44:25 +0000 2016;JuliaZambo;RT @t3ddyyyyy: sabe a tocha olimpica? entÃ£o.....

VOU CARREGAR ELA NAS OLIMPÃADAS 2016 ğŸ’™âœ¨

obg @CocaCola_Br #TochaOlimpica #Rio2016 https:/â€¦;
Wed Mar 16 20:44:01 +0000 2016;Brasil2016;Troca de equipe, perda do pai, cansaÃ§o: a trilha de Gideoni Monteiro atÃ© o #Rio2016 https://t.co/WXolPFFhfl https://t.co/0bQWJJVC9y;
Wed Mar 16 20:42:04 +0000 2016;myrianconor;RT @DefesaGovBr: ğŸ‡§ğŸ‡· Casa do Time Brasil nos Jogos jÃ¡ estÃ¡ sendo usada na preparaÃ§Ã£o das equipes nacionais: https://t.co/Are1x7QhCu via @Braâ€¦;
Wed Mar 16 20:41:10 +0000 2016;eduardoramosde5;RT @DefesaGovBr: ğŸ‡§ğŸ‡· InstalaÃ§Ãµes militares reformadas para os Jogos recebem atletas e vistoria de ministros:  https://t.co/UqyRCeFDAN via @Bâ€¦;
Wed Mar 16 20:40:53 +0000 2016;_RenataBarbosa_;5 razÃµes para vocÃª nÃ£o perder o pentatlo moderno nos Jogos OlÃ­mpicos Rio 2016 https://t.co/Z1b6EnQYwl;
Wed Mar 16 20:40:52 +0000 2016;DefesaGovBr;ğŸ‡§ğŸ‡· Casa do Time Brasil nos Jogos jÃ¡ estÃ¡ sendo usada na preparaÃ§Ã£o das equipes nacionais: https://t.co/Are1x7QhCu via @Brasil2016 #Rio2016;
Wed Mar 16 20:40:44 +0000 2016;Rio2016;@BryanFritzC @CocaCola_Br Boa Bryan! JÃ¡ tÃ¡ sentindo a emoÃ§Ã£o de carregar a #TochaOlÃ­mpica? Parabens ğŸ”¥;
Wed Mar 16 20:39:43 +0000 2016;Monicaspaixao;@eduardodl2 @CocaCola_Br @OUrsoOficial @LucianoHuck @Rio2016 ParabÃ©ns!;
Wed Mar 16 20:39:41 +0000 2016;leighunter;RT @juliococielo: galera, eu fui selecionado pra carregar a #TochaOlimpica nas olimpÃ­adas #Rio2016 aqui em OZ! valeu @CocaCola_Br! ğŸ˜ğŸ™ŒğŸ’•ğŸ‘ğŸ”‘;
Wed Mar 16 20:39:27 +0000 2016;camilamorgado99;RT @juliococielo: galera, eu fui selecionado pra carregar a #TochaOlimpica nas olimpÃ­adas #Rio2016 aqui em OZ! valeu @CocaCola_Br! ğŸ˜ğŸ™ŒğŸ’•ğŸ‘ğŸ”‘;
Wed Mar 16 20:39:14 +0000 2016;sassone04;RT @t3ddyyyyy: sabe a tocha olimpica? entÃ£o.....

VOU CARREGAR ELA NAS OLIMPÃADAS 2016 ğŸ’™âœ¨

obg @CocaCola_Br #TochaOlimpica #Rio2016 https:/â€¦;
Wed Mar 16 20:39:05 +0000 2016;ROMETOMAMA;RT @juliococielo: galera, eu fui selecionado pra carregar a #TochaOlimpica nas olimpÃ­adas #Rio2016 aqui em OZ! valeu @CocaCola_Br! ğŸ˜ğŸ™ŒğŸ’•ğŸ‘ğŸ”‘;
Wed Mar 16 20:38:12 +0000 2016;Kantar_BR;Preparado p/ as OlimpÃ­adas #Rio2016? Fora do mundo do Futebol, este Ã© o evento esportivo c/ maior adesÃ£o no Brasil ğŸ‘‰ https://t.co/173jmEHoqm;
Wed Mar 16 20:38:12 +0000 2016;DefesaGovBr;ğŸ‡§ğŸ‡· InstalaÃ§Ãµes militares reformadas para os Jogos recebem atletas e vistoria de ministros:  https://t.co/UqyRCeFDAN via @Brasil2016 #Rio2016;
Wed Mar 16 20:37:23 +0000 2016;cfredbastos;RT @Brasil2016: #Boxe brasileiro estÃ¡ perto de conquistar mais trÃªs vagas no #Rio2016: https://t.co/bzJSxGN2Bx https://t.co/QuDu4CD5hH;
Wed Mar 16 20:34:25 +0000 2016;CataPlaDi;RT @Brasil2016: Presidente da @EmbraturNews diz que Brasil estÃ¡ pronto para os Jogos #Rio2016: https://t.co/CNQiXy0ZES https://t.co/k2pYUIQâ€¦;
Wed Mar 16 20:34:00 +0000 2016;brusomogyi;RT @Brasil2016: #Boxe brasileiro estÃ¡ perto de conquistar mais trÃªs vagas no #Rio2016: https://t.co/bzJSxGN2Bx https://t.co/QuDu4CD5hH;
Wed Mar 16 20:33:45 +0000 2016;Brasil2016;Presidente da @EmbraturNews diz que Brasil estÃ¡ pronto para os Jogos #Rio2016: https://t.co/CNQiXy0ZES https://t.co/k2pYUIQwLt;
Wed Mar 16 20:33:40 +0000 2016;Rio2016;@pathy @CocaCola_Br ParabÃ©ns, Paty! Depois conta pra gente onde vai carregar a #TochaOlÃ­mpica ğŸ”¥;
Wed Mar 16 20:31:09 +0000 2016;RicardoLeyser;RT @Brasil2016: #Boxe brasileiro estÃ¡ perto de conquistar mais trÃªs vagas no #Rio2016: https://t.co/bzJSxGN2Bx https://t.co/QuDu4CD5hH;
Wed Mar 16 20:31:06 +0000 2016;Rio2016;@kaiooliveiras @CocaCola_Br Boa Kaio! ForÃ§a para o revezamento da #TochaOlÃ­mpica, hein? Nos vemo lÃ¡;
Wed Mar 16 20:30:18 +0000 2016;vitcrivelaro;@CocaCola_Br @Rio2016 Convida um anÃ´nimo, que Ã© fÃ£ desses caras, pronto, ta mais que perfeito !!;
Wed Mar 16 20:27:52 +0000 2016;Rio2016;@MauroNakada @CocaCola_Br ParabÃ©ns, Mauro! JÃ¡ sabe onde vai carregar a #TochaOlÃ­mpica? Depois conta aÃ­ ğŸ˜;
Wed Mar 16 20:27:38 +0000 2016;jessmonteiroc;RT @Rio2016: Essa Ã© a mensagem que o artista Pedro Gabriel, do Eu Me Chamo AntÃ´nio, quer passar sobre os #JogosParalÃ­mpicos! â¤ https://t.coâ€¦;
Wed Mar 16 20:25:43 +0000 2016;Renata_Willrich;RT @MauroNakada: ğŸ‰ Aeeee! Fiquei sabendo que vou participar do revezamento da #TochaOlimpica #Rio2016 , Valeu @CocaCola_Br VEM PRA MIM TOCHâ€¦;
Wed Mar 16 20:24:51 +0000 2016;Brasil2016;#Boxe brasileiro estÃ¡ perto de conquistar mais trÃªs vagas no #Rio2016: https://t.co/bzJSxGN2Bx https://t.co/QuDu4CD5hH;
Wed Mar 16 20:23:20 +0000 2016;Rio2016;@brunavieira @CocaCola_Br ParabÃ©ns, Bruninha \o/ \o/ \o/ Vai ser demais o revezamento da #TochaOlÃ­mpica. Nos vemos lÃ¡ ğŸ‘;
Wed Mar 16 20:22:50 +0000 2016;thainatata4174;RT @t3ddyyyyy: sabe a tocha olimpica? entÃ£o.....

VOU CARREGAR ELA NAS OLIMPÃADAS 2016 ğŸ’™âœ¨

obg @CocaCola_Br #TochaOlimpica #Rio2016 https:/â€¦;
Wed Mar 16 20:20:45 +0000 2016;Rio2016;@Christian_fig @CocaCola_Br ParabÃ©ns, Christian! Vai ser uma experiÃªncia Ãºnica participar do revezamento da #TochaOlÃ­mpica. Nos vemos lÃ¡ ğŸ‘;
Wed Mar 16 20:20:16 +0000 2016;TiBahia;Atos abre 500 vagas CLT para os Jogos OlÃ­mpicos Rio 2016 #VagasTI #Rio2016 https://t.co/21tR0quuol;
Wed Mar 16 20:19:02 +0000 2016;Belieber1994Ana;RT @t3ddyyyyy: sabe a tocha olimpica? entÃ£o.....

VOU CARREGAR ELA NAS OLIMPÃADAS 2016 ğŸ’™âœ¨

obg @CocaCola_Br #TochaOlimpica #Rio2016 https:/â€¦;
Wed Mar 16 20:18:36 +0000 2016;Belieber1994Ana;RT @juliococielo: galera, eu fui selecionado pra carregar a #TochaOlimpica nas olimpÃ­adas #Rio2016 aqui em OZ! valeu @CocaCola_Br! ğŸ˜ğŸ™ŒğŸ’•ğŸ‘ğŸ”‘;
Wed Mar 16 20:17:36 +0000 2016;leandra_vianna;Ui delicia! To toda molhadinha!!! De #chuva! #Rio2016 preparado para os esportes aquaticos! nado sincronizado no Centro! #CidadeOlimpica;
Wed Mar 16 20:16:55 +0000 2016;cfredbastos;RT @romanoolimpico: Boxe-Brasil tem 3 atletas na semi do PrÃ© das AmÃ©ricas: Juan Nogueira, Graziele Jesus e Andreia Bandeira.Mais uma vitÃ³riâ€¦;
Wed Mar 16 20:15:49 +0000 2016;Rio2016;Bem-vindos, condutores da #TochaOlÃ­mpica e preparem o fÃ´lego ğŸƒğŸ”¥ https://t.co/9v5MBqT5Bg;
Wed Mar 16 20:15:18 +0000 2016;AlbenizeP;RT @QueenMariFC: Quem aguenta uma foto dessa?
Ã‰ DE MATAR QUALQUER MARILOVER â™¥
Isso msm, deusa, se prepare que #Rio2016 queremos vocÃª https:â€¦;
Wed Mar 16 20:14:12 +0000 2016;allalezan;Enquanto isso, na cidade olimPICA ... #Rio2016 https://t.co/6LXJOzvwWL;
Wed Mar 16 20:11:45 +0000 2016;eduardodl2;Eu sou ouro! Valeu @CocaCola_Br! @OUrsoOficial @LucianoHuck @Rio2016  #IssoÃ‰Ouro #IssoMereceUmBrinde #TochaOlÃ­mpica https://t.co/BA7kh5PRr8;
Wed Mar 16 20:09:30 +0000 2016;dener_gn;RT @GabiLuthai: Bom dia, mundo!!!! Acabei de saber que fui selecionada pra carregar a Â #TochaOlimpica #Rio2016, obrigada @CocaCola_br â™¡â™¡â™¡â™¡;
Wed Mar 16 20:09:17 +0000 2016;dener_gn;RT @juliococielo: galera, eu fui selecionado pra carregar a #TochaOlimpica nas olimpÃ­adas #Rio2016 aqui em OZ! valeu @CocaCola_Br! ğŸ˜ğŸ™ŒğŸ’•ğŸ‘ğŸ”‘;
Wed Mar 16 20:09:09 +0000 2016;hevertonsf;RT @Brasil2016: Para @HenriqueEAlves, os Jogos #Rio2016 sÃ£o grande oportunidade de mostrar o Brasil para o mundo. #SomosTodosBrasil https:/â€¦;
Wed Mar 16 20:08:23 +0000 2016;Mimy_Emaa;RT @juliococielo: galera, eu fui selecionado pra carregar a #TochaOlimpica nas olimpÃ­adas #Rio2016 aqui em OZ! valeu @CocaCola_Br! ğŸ˜ğŸ™ŒğŸ’•ğŸ‘ğŸ”‘;
Wed Mar 16 20:08:22 +0000 2016;cfredbastos;RT @Brasil2016: Casa do @timebrasil nos Jogos #Rio2016 jÃ¡ estÃ¡ sendo usada na preparaÃ§Ã£o das equipes: https://t.co/l0fqOlPmjN https://t.co/â€¦;
Wed Mar 16 20:06:45 +0000 2016;Valetinista98;RT @Rio2016: . @neymarjr sobre jogar #futebol no #Rio2016: 'Um sonho, uma grande honra' https://t.co/NdBCfxplEK âš½ @CBF_Futebol https://t.coâ€¦;
Wed Mar 16 20:06:24 +0000 2016;Franciscco_;Rio-2016 e CBDA confirmam que TrofÃ©u Maria Lenk serÃ¡ no EstÃ¡dio AquÃ¡tico OlÃ­mpico https://t.co/uFmeX8EDIY #Rio2016 #esporte;
Wed Mar 16 20:05:54 +0000 2016;corotielo;RT @juliococielo: galera, eu fui selecionado pra carregar a #TochaOlimpica nas olimpÃ­adas #Rio2016 aqui em OZ! valeu @CocaCola_Br! ğŸ˜ğŸ™ŒğŸ’•ğŸ‘ğŸ”‘;
Wed Mar 16 20:05:48 +0000 2016;Mimy_Emaa;RT @t3ddyyyyy: sabe a tocha olimpica? entÃ£o.....

VOU CARREGAR ELA NAS OLIMPÃADAS 2016 ğŸ’™âœ¨

obg @CocaCola_Br #TochaOlimpica #Rio2016 https:/â€¦;
Wed Mar 16 20:00:33 +0000 2016;kakavchung138;RT @t3ddyyyyy: sabe a tocha olimpica? entÃ£o.....

VOU CARREGAR ELA NAS OLIMPÃADAS 2016 ğŸ’™âœ¨

obg @CocaCola_Br #TochaOlimpica #Rio2016 https:/â€¦;
Wed Mar 16 20:00:24 +0000 2016;kakavchung138;RT @MauroNakada: ğŸ‰ Aeeee! Fiquei sabendo que vou participar do revezamento da #TochaOlimpica #Rio2016 , Valeu @CocaCola_Br VEM PRA MIM TOCHâ€¦;
Wed Mar 16 19:59:59 +0000 2016;kakavchung138;RT @FeCastanhari: Nssssss!!! Acabei de saber que fui selecionado pra carregar a #TochaOlimpica #Rio2016
VALEU!!!! @CocaCola_br 
Estou emociâ€¦;
Wed Mar 16 19:56:47 +0000 2016;ju_casal;@lightclientes transformador da Light queimado na rua Lauro Muller, em Botafogo!!!!!! #chuvarj #rio2016;
Wed Mar 16 19:56:32 +0000 2016;mariaero1;RT @rio2016_es: Cada segundo vale oro. ğŸ…ğŸ…
#JuegosParalÃ­mpicos #Rio2016 - #TeSorprenderÃ¡s - âœ¨ https://t.co/NQz3h3b0et;
Wed Mar 16 19:56:09 +0000 2016;AlmirPoeta;RT @ieda_mara: O BRASIL NÃƒO IRÃ ENGOLIR ESSA. #Lula @agenciapf NÃƒO PAGAREMOS O SALÃRIO DESTE BOSTA.#greve #grevegeralRJ #Rio2016 https://t.â€¦;
Wed Mar 16 19:55:16 +0000 2016;atletass;RT @rio2016_es: Cada segundo vale oro. ğŸ…ğŸ…
#JuegosParalÃ­mpicos #Rio2016 - #TeSorprenderÃ¡s - âœ¨ https://t.co/NQz3h3b0et;
Wed Mar 16 19:53:33 +0000 2016;Itssnatty;RT @GabiLuthai: Bom dia, mundo!!!! Acabei de saber que fui selecionada pra carregar a Â #TochaOlimpica #Rio2016, obrigada @CocaCola_br â™¡â™¡â™¡â™¡;
Wed Mar 16 19:52:56 +0000 2016;VidblogVidigal;APÃ“S CHUVA FORTE, ALAGAMENTOS NA ZONA SUL
#Chuva 
#RJ 
#Rio2016 https://t.co/dJcSd0mIsA;
Wed Mar 16 19:52:55 +0000 2016;DoB3ar;RT @t3ddyyyyy: sabe a tocha olimpica? entÃ£o.....

VOU CARREGAR ELA NAS OLIMPÃADAS 2016 ğŸ’™âœ¨

obg @CocaCola_Br #TochaOlimpica #Rio2016 https:/â€¦;
Wed Mar 16 19:52:20 +0000 2016;martinchab1997;RT @Rio2016: . @neymarjr sobre jogar #futebol no #Rio2016: 'Um sonho, uma grande honra' https://t.co/NdBCfxplEK âš½ @CBF_Futebol https://t.coâ€¦;
Wed Mar 16 19:50:51 +0000 2016;Rio2016;. @neymarjr sobre jogar #futebol no #Rio2016: 'Um sonho, uma grande honra' https://t.co/NdBCfxplEK âš½ @CBF_Futebol https://t.co/4GCnDVnhQc;
Wed Mar 16 19:50:49 +0000 2016;Brasil2016;Casa do @timebrasil nos Jogos #Rio2016 jÃ¡ estÃ¡ sendo usada na preparaÃ§Ã£o das equipes: https://t.co/l0fqOlPmjN https://t.co/Cw43olLkSg;
Wed Mar 16 19:50:48 +0000 2016;3yeah_for_life;RT @juliococielo: galera, eu fui selecionado pra carregar a #TochaOlimpica nas olimpÃ­adas #Rio2016 aqui em OZ! valeu @CocaCola_Br! ğŸ˜ğŸ™ŒğŸ’•ğŸ‘ğŸ”‘;
Wed Mar 16 19:50:43 +0000 2016;3yeah_for_life;RT @t3ddyyyyy: sabe a tocha olimpica? entÃ£o.....

VOU CARREGAR ELA NAS OLIMPÃADAS 2016 ğŸ’™âœ¨

obg @CocaCola_Br #TochaOlimpica #Rio2016 https:/â€¦;
Wed Mar 16 19:50:02 +0000 2016;SuperVia_trens;Quem passar pela Central amanhÃ£ poderÃ¡ se informar sobre as inscriÃ§Ãµes para trabalhar nos Jogos OlÃ­mpicos Rio2016: https://t.co/yjKYDoEqdY;
Wed Mar 16 19:49:56 +0000 2016;470713cb1a924e2;RT @juliococielo: galera, eu fui selecionado pra carregar a #TochaOlimpica nas olimpÃ­adas #Rio2016 aqui em OZ! valeu @CocaCola_Br! ğŸ˜ğŸ™ŒğŸ’•ğŸ‘ğŸ”‘;
Wed Mar 16 19:49:35 +0000 2016;IrisVitoriaMor3;RT @t3ddyyyyy: sabe a tocha olimpica? entÃ£o.....

VOU CARREGAR ELA NAS OLIMPÃADAS 2016 ğŸ’™âœ¨

obg @CocaCola_Br #TochaOlimpica #Rio2016 https:/â€¦;
Wed Mar 16 19:47:29 +0000 2016;louisninfetat;RT @t3ddyyyyy: sabe a tocha olimpica? entÃ£o.....

VOU CARREGAR ELA NAS OLIMPÃADAS 2016 ğŸ’™âœ¨

obg @CocaCola_Br #TochaOlimpica #Rio2016 https:/â€¦;
Wed Mar 16 19:45:20 +0000 2016;rcorrea_rj;@Rio2016 @riodejaneiro @Olimpiadas Cidade OlÃ­mpica em plena Zona Sul. 30 minutos de chuva moderada. https://t.co/WNPIWH71XA;
Wed Mar 16 19:42:58 +0000 2016;ALEX_ANDER_RN;E quem irÃ¡ declarar aberto os Jogos OlÃ­mpicos? #Rio2016 

#Lularapio ou #DilmAnta 

#VaiaDesdeJa 
#Obrigadodenada;
Wed Mar 16 19:42:58 +0000 2016;kleitinhodiass;RT @ViniciusRio2016: Minha programaÃ§Ã£o em #Salvador no @Rio2016: ver as partidas de #futebol e dps ir curtir o pelourinho! âš½ğŸ’ƒ https://t.co/â€¦;
Wed Mar 16 19:39:27 +0000 2016;beafarias89;RT @juliococielo: galera, eu fui selecionado pra carregar a #TochaOlimpica nas olimpÃ­adas #Rio2016 aqui em OZ! valeu @CocaCola_Br! ğŸ˜ğŸ™ŒğŸ’•ğŸ‘ğŸ”‘;
Wed Mar 16 19:39:10 +0000 2016;ViniciusRio2016;Minha programaÃ§Ã£o em #Salvador no @Rio2016: ver as partidas de #futebol e dps ir curtir o pelourinho! âš½ğŸ’ƒ https://t.co/HgvC6m1Ott;
Wed Mar 16 19:36:24 +0000 2016;ju_casal;@lightclientes sem luz na Lauro Muller, em Botafogo!!!! #Rio2016 #riodejaneiro;
Wed Mar 16 19:36:05 +0000 2016;Kovalskii_;RT @t3ddy/usr/lib/python2.6/site-packages/requests/packages/urllib3/util/ssl_.py:100: InsecurePlatformWarning: A true SSLContext object is not available. This prevents urllib3 from configuring SSL appropriately and may cause certain SSL connections to fail. For more information, see https://urllib3.readthedocs.org/en/latest/security.html#insecureplatformwarning.
  InsecurePlatformWarning
yyyy: sabe a tocha olimpica? entÃ£o.....

VOU CARREGAR ELA NAS OLIMPÃADAS 2016 ğŸ’™âœ¨

obg @CocaCola_Br #TochaOlimpica #Rio2016 https:/â€¦;
Wed Mar 16 19:32:44 +0000 2016;matheusflp_;RT @Brasil2016: Para @HenriqueEAlves, os Jogos #Rio2016 sÃ£o grande oportunidade de mostrar o Brasil para o mundo. #SomosTodosBrasil https:/â€¦;
Wed Mar 16 19:31:16 +0000 2016;minesporte;RT @Brasil2016: Para @GeorgeHilton10, os Jogos #Rio2016 serÃ£o um grande 'case' para o turismo do paÃ­s. #SomosTodosBrasil https://t.co/iJXW0â€¦;
Wed Mar 16 19:29:26 +0000 2016;GugRocha;Ilhado em Botafogo e sem aula... O que fazer?! Tuitar! #Rio2016 #chuvaRJ;
Wed Mar 16 19:29:07 +0000 2016;schnellflu;RT @Brasil2016: Para @GeorgeHilton10, os Jogos #Rio2016 serÃ£o um grande 'case' para o turismo do paÃ­s. #SomosTodosBrasil https://t.co/iJXW0â€¦;
Wed Mar 16 19:28:41 +0000 2016;MeComeT3ddy;RT @t3ddyyyyy: sabe a tocha olimpica? entÃ£o.....

VOU CARREGAR ELA NAS OLIMPÃADAS 2016 ğŸ’™âœ¨

obg @CocaCola_Br #TochaOlimpica #Rio2016 https:/â€¦;
Wed Mar 16 19:27:20 +0000 2016;paulo_homem;RT @Rio2016: Essa Ã© a mensagem que o artista Pedro Gabriel, do Eu Me Chamo AntÃ´nio, quer passar sobre os #JogosParalÃ­mpicos! â¤ https://t.coâ€¦;
Wed Mar 16 19:25:15 +0000 2016;Brasil2016;Para @GeorgeHilton10, os Jogos #Rio2016 serÃ£o um grande 'case' para o turismo do paÃ­s. #SomosTodosBrasil https://t.co/iJXW0EsuLn;
Wed Mar 16 19:22:08 +0000 2016;luskate2000;RT @t3ddyyyyy: sabe a tocha olimpica? entÃ£o.....

VOU CARREGAR ELA NAS OLIMPÃADAS 2016 ğŸ’™âœ¨

obg @CocaCola_Br #TochaOlimpica #Rio2016 https:/â€¦;
Wed Mar 16 19:22:03 +0000 2016;Brasil2016;Para @HenriqueEAlves, os Jogos #Rio2016 sÃ£o grande oportunidade de mostrar o Brasil para o mundo. #SomosTodosBrasil https://t.co/92CnuH2JFz;
Wed Mar 16 19:18:39 +0000 2016;mafraevandro91;RT @juliococielo: galera, eu fui selecionado pra carregar a #TochaOlimpica nas olimpÃ­adas #Rio2016 aqui em OZ! valeu @CocaCola_Br! ğŸ˜ğŸ™ŒğŸ’•ğŸ‘ğŸ”‘;
Wed Mar 16 19:16:42 +0000 2016;luanna844;RT @kaiooliveiras: AEEEEEEEEEEE! galera, acabei de receber a notÃ­cia q eu tmb vou participar do revezamento da #TochaOlimpica #Rio2016! Valâ€¦;
Wed Mar 16 19:16:07 +0000 2016;namelesslarrie;RT @t3ddyyyyy: sabe a tocha olimpica? entÃ£o.....

VOU CARREGAR ELA NAS OLIMPÃADAS 2016 ğŸ’™âœ¨

obg @CocaCola_Br #TochaOlimpica #Rio2016 https:/â€¦;
Wed Mar 16 19:15:53 +0000 2016;cfredbastos;RT @alem_do_futebol: Juan Nogueira(91kg), Graziele Sousa(51kg) e Andreia Bandeira(75kg) estÃ£o na semifinal. Vencendo, vÃ£o p/ @Rio2016  #Roaâ€¦;
Wed Mar 16 19:15:30 +0000 2016;uouharry;RT @juliococielo: galera, eu fui selecionado pra carregar a #TochaOlimpica nas olimpÃ­adas #Rio2016 aqui em OZ! valeu @CocaCola_Br! ğŸ˜ğŸ™ŒğŸ’•ğŸ‘ğŸ”‘;
Wed Mar 16 19:15:28 +0000 2016;Luecia_Styles;RT @t3ddyyyyy: sabe a tocha olimpica? entÃ£o.....

VOU CARREGAR ELA NAS OLIMPÃADAS 2016 ğŸ’™âœ¨

obg @CocaCola_Br #TochaOlimpica #Rio2016 https:/â€¦;
Wed Mar 16 19:14:26 +0000 2016;FALLTOBASEADO;RT @juliococielo: galera, eu fui selecionado pra carregar a #TochaOlimpica nas olimpÃ­adas #Rio2016 aqui em OZ! valeu @CocaCola_Br! ğŸ˜ğŸ™ŒğŸ’•ğŸ‘ğŸ”‘;
Wed Mar 16 19:13:11 +0000 2016;emypotter67;RT @t3ddyyyyy: sabe a tocha olimpica? entÃ£o.....

VOU CARREGAR ELA NAS OLIMPÃADAS 2016 ğŸ’™âœ¨

obg @CocaCola_Br #TochaOlimpica #Rio2016 https:/â€¦;
Wed Mar 16 19:12:03 +0000 2016;rugbydecalcinha;VÃ­deo feito pelo @Channel7 ... Australianos casa vez mais empolgados com os jogos olÃ­mpicos @Rio2016 https://t.co/uXg9Dyh5Ae;
Wed Mar 16 19:11:49 +0000 2016;deportesanz;RT @rio2016_es: Cada segundo vale oro. ğŸ…ğŸ…
#JuegosParalÃ­mpicos #Rio2016 - #TeSorprenderÃ¡s - âœ¨ https://t.co/NQz3h3b0et;
Wed Mar 16 19:10:33 +0000 2016;cocieIollg;RT @juliococielo: galera, eu fui selecionado pra carregar a #TochaOlimpica nas olimpÃ­adas #Rio2016 aqui em OZ! valeu @CocaCola_Br! ğŸ˜ğŸ™ŒğŸ’•ğŸ‘ğŸ”‘;
Wed Mar 16 19:09:38 +0000 2016;RockRestartDF;RT @juliococielo: galera, eu fui selecionado pra carregar a #TochaOlimpica nas olimpÃ­adas #Rio2016 aqui em OZ! valeu @CocaCola_Br! ğŸ˜ğŸ™ŒğŸ’•ğŸ‘ğŸ”‘;
Wed Mar 16 19:08:49 +0000 2016;QueenMariFC;Quem aguenta uma foto dessa?
Ã‰ DE MATAR QUALQUER MARILOVER â™¥
Isso msm, deusa, se prepare que #Rio2016 queremos vocÃª https://t.co/5xnWgH7cG7;
Wed Mar 16 19:08:49 +0000 2016;Picharillo77;Parada hÃ¡ 2 meses, obra do Centro de TÃªnis precisa de R$ 63 mi atÃ© Rio-2016 https://t.co/WjQfrlTG1U via @UOLEsporte #Rio2016;
Wed Mar 16 19:05:20 +0000 2016;YesbananasSport;Yes!Sports - Boxe: Brasil fica perto de garantir mais uma vaga na OlimpÃ­ada do Rio:  https://t.co/4gqrxWD0M7 #sports #esportes;
Wed Mar 16 19:05:16 +0000 2016;FutebolEspiao;Boxe: Brasil fica perto de garantir mais uma vaga na OlimpÃ­ada do Rio https://t.co/Gw5NljCgrU;
Wed Mar 16 19:05:15 +0000 2016;FutebolMundial5;Boxe: Brasil fica perto de garantir mais uma vaga na OlimpÃ­ada do Rio:  https://t.co/x80gDO7zKp;
Wed Mar 16 19:05:13 +0000 2016;PortalEsporte10;Boxe: Brasil fica perto de garantir mais uma vaga na OlimpÃ­ada do Rio https://t.co/TnMtjdrzxP;
Wed Mar 16 19:05:09 +0000 2016;BrunoJaquet03;Boxe: Brasil fica perto de garantir mais uma vaga na OlimpÃ­ada do Rio:  https://t.co/8B5w4J8xTV;
Wed Mar 16 19:03:06 +0000 2016;reistyless;RT @juliococielo: galera, eu fui selecionado pra carregar a #TochaOlimpica nas olimpÃ­adas #Rio2016 aqui em OZ! valeu @CocaCola_Br! ğŸ˜ğŸ™ŒğŸ’•ğŸ‘ğŸ”‘;
Wed Mar 16 19:02:17 +0000 2016;heathlwdgwr;RT @juliococielo: galera, eu fui selecionado pra carregar a #TochaOlimpica nas olimpÃ­adas #Rio2016 aqui em OZ! valeu @CocaCola_Br! ğŸ˜ğŸ™ŒğŸ’•ğŸ‘ğŸ”‘;
Wed Mar 16 19:00:23 +0000 2016;Vando_23;Rua Prof Alfredo Gomes esq com Botafogo Praia Shopping totalmente alagada #Rio2016 #olimpiadas2016 https://t.co/YQcpgIuSTb;
Wed Mar 16 18:59:02 +0000 2016;fabiopaleixo;Doping de Sharapova acende sinal de alerta em mÃ©dicos no Brasil https://t.co/gdGDUO11VF via @UOLEsporte #Rio2016;
Wed Mar 16 18:58:58 +0000 2016;CanoagemPt;#Rio2016 Kayaks com sistema antialgas nos Jogos OlÃ­mpicos... https://t.co/Qcy3G85hkF;
Wed Mar 16 18:58:09 +0000 2016;thaay_almeeida;RT @juliococielo: galera, eu fui selecionado pra carregar a #TochaOlimpica nas olimpÃ­adas #Rio2016 aqui em OZ! valeu @CocaCola_Br! ğŸ˜ğŸ™ŒğŸ’•ğŸ‘ğŸ”‘;
Wed Mar 16 18:55:36 +0000 2016;taemcasacocielo;RT @juliococielo: galera, eu fui selecionado pra carregar a #TochaOlimpica nas olimpÃ­adas #Rio2016 aqui em OZ! valeu @CocaCola_Br! ğŸ˜ğŸ™ŒğŸ’•ğŸ‘ğŸ”‘;
Wed Mar 16 18:55:20 +0000 2016;nathi_ely;RT @travinha_esp: #Rio2016 #Boxe: Brasileiros perto de mais trÃªs vagas para o @Rio. https://t.co/2LnoH0g8Du @timebrasil https://t.co/wykSjyâ€¦;
Wed Mar 16 18:54:35 +0000 2016;cfredbastos;RT @soudoesporte: #RumoaoRio! TrÃªs pugilistas do Brasil podem garantir vaga para os Jogos nesta quinta: https://t.co/NnqqiM9Ase
#Rio2016 #Bâ€¦;
Wed Mar 16 18:50:44 +0000 2016;rmandavid1;RT @pepinalexandre: Nem Ã© chuva forte, kd o sistema de esgoto @CidadedoRio ? #Rio2016 https://t.co/hh1E1ZQJZW;
Wed Mar 16 18:50:33 +0000 2016;msenqueen;RT @t3ddyyyyy: sabe a tocha olimpica? entÃ£o.....

VOU CARREGAR ELA NAS OLIMPÃADAS 2016 ğŸ’™âœ¨

obg @CocaCola_Br #TochaOlimpica #Rio2016 https:/â€¦;
Wed Mar 16 18:48:36 +0000 2016;linehoran15;RT @t3ddyyyyy: sabe a tocha olimpica? entÃ£o.....

VOU CARREGAR ELA NAS OLIMPÃADAS 2016 ğŸ’™âœ¨

obg @CocaCola_Br #TochaOlimpica #Rio2016 https:/â€¦;
Wed Mar 16 18:48:28 +0000 2016;cfredbastos;RT @Rio2016: #Rio2016 oferece chance de primeira experiÃªncia profissional para jovens: https://t.co/sfMGfrlNIk https://t.co/OWxFgr8dU2;
Wed Mar 16 18:46:14 +0000 2016;DesireeLuanete;RT @juliococielo: galera, eu fui selecionado pra carregar a #TochaOlimpica nas olimpÃ­adas #Rio2016 aqui em OZ! valeu @CocaCola_Br! ğŸ˜ğŸ™ŒğŸ’•ğŸ‘ğŸ”‘;
Wed Mar 16 18:46:05 +0000 2016;DesireeLuanete;RT @FeCastanhari: Nssssss!!! Acabei de saber que fui selecionado pra carregar a #TochaOlimpica #Rio2016
VALEU!!!! @CocaCola_br 
Estou emociâ€¦;
Wed Mar 16 18:45:21 +0000 2016;CEC_UL;RT @pepinalexandre: Nem Ã© chuva forte, kd o sistema de esgoto @CidadedoRio ? #Rio2016 https://t.co/hh1E1ZQJZW;
Wed Mar 16 18:44:37 +0000 2016;G_a_b_i_s2;RT @t3ddyyyyy: sabe a tocha olimpica? entÃ£o.....

VOU CARREGAR ELA NAS OLIMPÃADAS 2016 ğŸ’™âœ¨

obg @CocaCola_Br #TochaOlimpica #Rio2016 https:/â€¦;
Wed Mar 16 18:42:04 +0000 2016;cocielodrew;RT @juliococielo: galera, eu fui selecionado pra carregar a #TochaOlimpica nas olimpÃ­adas #Rio2016 aqui em OZ! valeu @CocaCola_Br! ğŸ˜ğŸ™ŒğŸ’•ğŸ‘ğŸ”‘;
Wed Mar 16 18:41:29 +0000 2016;cabelloluthai;RT @GabiLuthai: Bom dia, mundo!!!! Acabei de saber que fui selecionada pra carregar a Â #TochaOlimpica #Rio2016, obrigada @CocaCola_br â™¡â™¡â™¡â™¡;
Wed Mar 16 18:40:37 +0000 2016;sergi_richard;RT @SODMGLucas: Quadra da escola jÃ¡ estÃ¡ pique nataÃ§Ã£o, Brota #Rio2016 https://t.co/x03zjFi5MK;
Wed Mar 16 18:38:25 +0000 2016;lcrive;RT @ieda_mara: O BRASIL NÃƒO IRÃ ENGOLIR ESSA. #Lula @agenciapf NÃƒO PAGAREMOS O SALÃRIO DESTE BOSTA.#greve #grevegeralRJ #Rio2016 https://t.â€¦;
Wed Mar 16 18:37:36 +0000 2016;BrennoRJ;#RJTV #RadarRj Cidade modelo de alagamento #CidadeModelodeAlagamento #CidadeOlimpica #Rio2016;
Wed Mar 16 18:36:53 +0000 2016;RioDMais;Ipanema, Av Vieira Souto, Anos 60, quase Arpoador. Muitos fusquinhas. Falta @hotelfasano #cuidandodeipanema #Rio2016 https://t.co/1VM68Pj8iF;
Wed Mar 16 18:36:21 +0000 2016;RenatoJua100;RT @Rio2016: SÃ£o mais medalhas do que caracteres aqui nesse tweet! ğŸ˜‹

NÃ£o dÃ¡ pra explicar, #TemQueIr https://t.co/6mx6BURT1Q;
Wed Mar 16 18:36:17 +0000 2016;marialuisateix2;RT @juliococielo: galera, eu fui selecionado pra carregar a #TochaOlimpica nas olimpÃ­adas #Rio2016 aqui em OZ! valeu @CocaCola_Br! ğŸ˜ğŸ™ŒğŸ’•ğŸ‘ğŸ”‘;
Wed Mar 16 18:33:36 +0000 2016;lyndaddlovato;@Rio2016  trsite que cancelou minh aduiÃ§Ã£o no dia 19/03 e quero ir voluntaria como Imprensa, qual o site? aloha....;
Wed Mar 16 18:29:48 +0000 2016;eliasfreitas_;This is Copacabana! #Rio2016 #olimpiadas #olympics https://t.co/7co4KMnWhw;
Wed Mar 16 18:29:09 +0000 2016;walkeresteves_;RT @MauroNakada: ğŸ‰ Aeeee! Fiquei sabendo que vou participar do revezamento da #TochaOlimpica #Rio2016 , Valeu @CocaCola_Br VEM PRA MIM TOCHâ€¦;
Wed Mar 16 18:29:08 +0000 2016;tipoassim_ana;RT @BryanFritzC: Galera, eu fui selecionado pra carregar a #TochaOlimpica nas olimpÃ­adas #Rio2016 AQUI EM THE ! valeu @CocaCola_Br!  E NOISâ€¦;
Wed Mar 16 18:28:58 +0000 2016;gleulomon;RT @nucepmadrid: Gleuza Salomon @gleulomon entrevista a Luiz Fernando Carrijo da Cunha en @RadioLacan para @AMP_RIO2016 #AMPRio2016 https:/â€¦;
Wed Mar 16 18:28:28 +0000 2016;Rio2016;ImperdÃ­vel mesmo! #TemQueIr https://t.co/BixICK1PTR;
Wed Mar 16 18:28:03 +0000 2016;tipoassim_ana;RT @BryanFritzC: FELIZZZZZZZZZ ! ! ! ! obg @CocaCola_Br #TochaOlimpica #Rio2016;
Wed Mar 16 18:27:50 +0000 2016;HelenaDuManeco;#Rio2016 Canoagem. ParabÃ©ns, @eduardopaes_! https://t.co/WlMF4D3Muc;
Wed Mar 16 18:22:45 +0000 2016;ColombiaRio2016;RT @BlogOurodeTolo: O editor chefe Pedro MigÃ£o escreve com dicas de ingressos baratos para a @rio2016, bem como com algumas... https://t.coâ€¦;
Wed Mar 16 18:20:54 +0000 2016;saogoncalo_RJ;RT @Rio2016: #Rio2016 oferece chance de primeira experiÃªncia profissional para jovens: https://t.co/sfMGfrlNIk https://t.co/OWxFgr8dU2;
Wed Mar 16 18:19:59 +0000 2016;GKellyGBernardo;Chilenos roubam barraqueiro em Copacabana e acabam presos - Rio - O Dia https://t.co/QobDmMWH0W via @jornalodia #RIO2016;
Wed Mar 16 18:19:41 +0000 2016;pepinalexandre;Nem Ã© chuva forte, kd o sistema de esgoto @CidadedoRio ? #Rio2016 https://t.co/hh1E1ZQJZW;
Wed Mar 16 18:19:24 +0000 2016;GKellyGBernardo;Turista americana Ã© assaltada em Copacabana - Rio - O Dia https://t.co/Wa71TVGRIf via @jornalodia #Rio2016;
Wed Mar 16 18:19:12 +0000 2016;larissaalmedale;RT @juliococielo: galera, eu fui selecionado pra carregar a #TochaOlimpica nas olimpÃ­adas #Rio2016 aqui em OZ! valeu @CocaCola_Br! ğŸ˜ğŸ™ŒğŸ’•ğŸ‘ğŸ”‘;
Wed Mar 16 18:14:01 +0000 2016;Esportessencial;RT @soudoesporte: #RumoaoRio! TrÃªs pugilistas do Brasil podem garantir vaga para os Jogos nesta quinta: https://t.co/NnqqiM9Ase
#Rio2016 #Bâ€¦;
Wed Mar 16 18:13:58 +0000 2016;thii_soaress;RT @juliococielo: galera, eu fui selecionado pra carregar a #TochaOlimpica nas olimpÃ­adas #Rio2016 aqui em OZ! valeu @CocaCola_Br! ğŸ˜ğŸ™ŒğŸ’•ğŸ‘ğŸ”‘;
Wed Mar 16 18:13:31 +0000 2016;soudoesporte;#RumoaoRio! TrÃªs pugilistas do Brasil podem garantir vaga para os Jogos nesta quinta: https://t.co/NnqqiM9Ase
#Rio2016 #BoxeOlÃ­mpico;
Wed Mar 16 18:12:31 +0000 2016;mutanthorses;RT @t3ddyyyyy: sabe a tocha olimpica? entÃ£o.....

VOU CARREGAR ELA NAS OLIMPÃADAS 2016 ğŸ’™âœ¨

obg @CocaCola_Br #TochaOlimpica #Rio2016 https:/â€¦;
Wed Mar 16 18:12:10 +0000 2016;SODMGLucas;Quadra da escola jÃ¡ estÃ¡ pique nataÃ§Ã£o, Brota #Rio2016 https://t.co/x03zjFi5MK;
Wed Mar 16 18:10:47 +0000 2016;MarianeQueiroz_;RT @juliococielo: galera, eu fui selecionado pra carregar a #TochaOlimpica nas olimpÃ­adas #Rio2016 aqui em OZ! valeu @CocaCola_Br! ğŸ˜ğŸ™ŒğŸ’•ğŸ‘ğŸ”‘;
Wed Mar 16 18:10:40 +0000 2016;Lily80436884;RT @raphaelscostarj: Zona Sul, Zona Norte, Centro e Zona Oeste e regiÃ£o metropolitana... Todo o Rio debaixo d'Ã¡gua... Imagina na OlimpÃ­ada?â€¦;
Wed Mar 16 18:08:08 +0000 2016;raphaelscostarj;Zona Sul, Zona Norte, Centro e Zona Oeste e regiÃ£o metropolitana... Todo o Rio debaixo d'Ã¡gua... Imagina na OlimpÃ­ada?! #Rio2016;
Wed Mar 16 18:07:24 +0000 2016;percyprostituto;RT @t3ddyyyyy: sabe a tocha olimpica? entÃ£o.....

VOU CARREGAR ELA NAS OLIMPÃADAS 2016 ğŸ’™âœ¨

obg @CocaCola_Br #TochaOlimpica #Rio2016 https:/â€¦;
Wed Mar 16 18:04:17 +0000 2016;travinha_esp;#Rio2016 #Boxe: Brasileiros perto de mais trÃªs vagas para o @Rio. https://t.co/2LnoH0g8Du @timebrasil https://t.co/wykSjyKxKd;
Wed Mar 16 18:03:51 +0000 2016;MandisB3ar;RT @t3ddyyyyy: sabe a tocha olimpica? entÃ£o.....

VOU CARREGAR ELA NAS OLIMPÃADAS 2016 ğŸ’™âœ¨

obg @CocaCola_Br #TochaOlimpica #Rio2016 https:/â€¦;
Wed Mar 16 17:59:31 +0000 2016;RSPARADESPORTO;RT @Rio2016: SÃ£o mais medalhas do que caracteres aqui nesse tweet! ğŸ˜‹

NÃ£o dÃ¡ pra explicar, #TemQueIr https://t.co/6mx6BURT1Q;
Wed Mar 16 17:59:19 +0000 2016;RSPARADESPORTO;RT @cpboficial: Bom dia, gente! Faltam 175 dias para os #JogosParalÃ­mpicos @Rio2016! ğŸ˜Š;
Wed Mar 16 17:56:15 +0000 2016;tropichay;RT @juliococielo: galera, eu fui selecionado pra carregar a #TochaOlimpica nas olimpÃ­adas #Rio2016 aqui em OZ! valeu @CocaCola_Br! ğŸ˜ğŸ™ŒğŸ’•ğŸ‘ğŸ”‘;
Wed Mar 16 17:55:13 +0000 2016;melaniemcyrus;RT @juliococielo: galera, eu fui selecionado pra carregar a #TochaOlimpica nas olimpÃ­adas #Rio2016 aqui em OZ! valeu @CocaCola_Br! ğŸ˜ğŸ™ŒğŸ’•ğŸ‘ğŸ”‘;
Wed Mar 16 17:54:38 +0000 2016;RSPARADESPORTO;InstalaÃ§Ãµes militares reformadas para os Jogos @Rio2016 recebem atletas https://t.co/sUSVaYZap1 https://t.co/sM3xX0Be8U via @minesporte;
Wed Mar 16 17:54:25 +0000 2016;Pedrao_USA;AlÃ´ @Rio2016 choveu ja era, WELCOME TO RIO https://t.co/tFhstHCwgN;
Wed Mar 16 17:52:20 +0000 2016;Nat_mdelgado;RT @MauroNakada: ğŸ‰ Aeeee! Fiquei sabendo que vou participar do revezamento da #TochaOlimpica #Rio2016 , Valeu @CocaCola_Br VEM PRA MIM TOCHâ€¦;
Wed Mar 16 17:52:10 +0000 2016;Nat_mdelgado;RT @GabiLuthai: Bom dia, mundo!!!! Acabei de saber que fui selecionada pra carregar a Â #TochaOlimpica #Rio2016, obrigada @CocaCola_br â™¡â™¡â™¡â™¡;
Wed Mar 16 17:51:50 +0000 2016;Nat_mdelgado;RT @brunavieira: OMG! ğŸ˜± Acabei de saber que fui selecionado pra carregar a  #TochaOlimpica #Rio2016, valeu @CocaCola_br AHHHHHHH!!!;
Wed Mar 16 17:51:45 +0000 2016;Nat_mdelgado;RT @juliococielo: galera, eu fui selecionado pra carregar a #TochaOlimpica nas olimpÃ­adas #Rio2016 aqui em OZ! valeu @CocaCola_Br! ğŸ˜ğŸ™ŒğŸ’•ğŸ‘ğŸ”‘;
Wed Mar 16 17:51:41 +0000 2016;Nat_mdelgado;RT @t3ddyyyyy: sabe a tocha olimpica? entÃ£o.....

VOU CARREGAR ELA NAS OLIMPÃADAS 2016 ğŸ’™âœ¨

obg @CocaCola_Br #TochaOlimpica #Rio2016 https:/â€¦;
Wed Mar 16 17:51:27 +0000 2016;Nat_mdelgado;RT @FeCastanhari: Nssssss!!! Acabei de saber que fui selecionado pra carregar a #TochaOlimpica #Rio2016
VALEU!!!! @CocaCola_br 
Estou emociâ€¦;
Wed Mar 16 17:50:34 +0000 2016;Gabiflying;RT @juliococielo: galera, eu fui selecionado pra carregar a #TochaOlimpica nas olimpÃ­adas #Rio2016 aqui em OZ! valeu @CocaCola_Br! ğŸ˜ğŸ™ŒğŸ’•ğŸ‘ğŸ”‘;
Wed Mar 16 17:50:07 +0000 2016;olokofig;RT @juliococielo: galera, eu fui selecionado pra carregar a #TochaOlimpica nas olimpÃ­adas #Rio2016 aqui em OZ! valeu @CocaCola_Br! ğŸ˜ğŸ™ŒğŸ’•ğŸ‘ğŸ”‘;
Wed Mar 16 17:48:38 +0000 2016;TomRio2016;@Monicaspaixao @Rio2016 hiihihihi vc que Ã© uma linda! â¤â¤;
Wed Mar 16 17:43:48 +0000 2016;suckgordon;RT @juliococielo: galera, eu fui selecionado pra carregar a #TochaOlimpica nas olimpÃ­adas #Rio2016 aqui em OZ! valeu @CocaCola_Br! ğŸ˜ğŸ™ŒğŸ’•ğŸ‘ğŸ”‘;
Wed Mar 16 17:42:26 +0000 2016;Hudsonvalleykid;RT @JeromeShaw: Funicular - Favela Tourism: Santa Marta #Rio de Janeiro #Brazil https://t.co/pNvoitI0uD #Rio2016 #Travel #Brasil https://t.â€¦;
Wed Mar 16 17:41:03 +0000 2016;4229b7d8ad3f4e0;RT @FeCastanhari: Nssssss!!! Acabei de saber que fui selecionado pra carregar a #TochaOlimpica #Rio2016
VALEU!!!! @CocaCola_br 
Estou emociâ€¦;
Wed Mar 16 17:38:31 +0000 2016;PTagashira;RT @WhoIsCarlos: GENTEE MIM SEGURA MEU CORASSAUM EU TO AHIAKSJSJS VOU CARREGAR A #TochaOlÃ­mpica #Rio2016 valeu @CocaCola_Br https://t.co/Koâ€¦;
Wed Mar 16 17:36:39 +0000 2016;cassita;RT @GEdoBrasil: #OsJogosJÃ¡ComeÃ§aram e a tecnologia LED GE beneficiarÃ¡ atletas e torcedores nos Jogos Rio2016:https://t.co/sn2xbAOEuy https:â€¦;
Wed Mar 16 17:36:38 +0000 2016;slavestydia;RT @t3ddyyyyy: sabe a tocha olimpica? entÃ£o.....

VOU CARREGAR ELA NAS OLIMPÃADAS 2016 ğŸ’™âœ¨

obg @CocaCola_Br #TochaOlimpica #Rio2016 https:/â€¦;
